<DATE>	<OPEN>	<HIGH>	<LOW>	<CLOSE>	<TICKVOL>	<VOL>	<SPREAD>
2020.02.28	98.94	100.60	96.26	100.60	146000	19480640	1
2020.03.02	100.85	103.38	99.90	102.99	55281	9062780	1
2020.03.03	102.96	105.27	100.50	101.75	83271	14633620	1
2020.03.04	103.99	103.99	101.10	103.10	116437	8364790	1
2020.03.05	102.00	102.10	96.77	98.79	78999	10128930	1
2020.03.06	94.82	95.84	93.32	94.40	113431	25135520	1
2020.03.09	88.35	88.35	82.70	82.70	222243	28728360	1
2020.03.10	86.62	88.81	83.93	88.63	234974	21817040	1
2020.03.11	85.99	87.10	77.40	82.06	249556	18988140	1
2020.03.12	70.59	72.64	66.30	70.10	124612	22828730	1
2020.03.13	79.97	79.97	70.00	79.49	170570	34289940	1
2020.03.16	69.01	73.70	68.34	68.40	171722	31237700	1
2020.03.17	71.00	74.50	68.11	71.00	192518	25633030	1
2020.03.18	66.80	68.00	60.88	65.01	127119	37160660	1
2020.03.19	62.90	67.54	59.10	65.00	299757	28398250	1
2020.03.20	68.57	69.75	63.57	64.77	155750	28912530	1
2020.03.23	65.35	66.30	59.91	61.14	193015	25349860	1
2020.03.24	66.02	68.98	65.95	67.40	84699	17055640	1
2020.03.25	67.89	73.98	66.09	71.73	122433	25556950	1
2020.03.26	71.76	75.96	71.76	74.57	163946	27526870	1
2020.03.27	71.15	73.04	70.22	70.22	100193	15518420	1
2020.03.30	71.02	72.48	70.54	71.97	74565	8998140	1
2020.03.31	71.51	72.76	69.35	69.35	133589	14177570	1
2020.04.01	67.77	68.98	67.01	68.18	117145	14579010	1
2020.04.02	69.33	71.30	68.48	69.63	79805	11802180	1
2020.04.03	69.87	69.87	65.30	66.90	125843	16872000	1
2020.04.06	70.79	72.55	70.01	71.57	169639	13834440	1
2020.04.07	76.47	77.00	73.51	73.51	205675	14291910	1
2020.04.08	73.71	76.23	73.32	75.73	96696	11585850	1
2020.04.09	76.28	77.51	74.59	74.87	141656	19179430	1
2020.04.13	74.52	75.96	73.55	75.96	121272	13037200	1
2020.04.14	77.45	78.74	76.85	76.85	94894	10698170	1
2020.04.15	75.20	77.09	74.70	76.05	88902	11223580	1
2020.04.16	76.94	77.23	74.60	74.93	74476	11462550	1
2020.04.17	76.46	76.93	74.85	76.00	70903	7119750	1
2020.04.20	74.16	77.24	74.12	75.66	59972	9135960	1
2020.04.22	76.00	78.25	75.99	77.70	113677	11503000	1
2020.04.23	78.36	78.73	75.65	76.65	163627	12990450	1
2020.04.24	75.40	75.50	69.10	72.41	189955	45899510	1
2020.04.27	74.28	75.80	73.50	75.29	130920	30097830	1
2020.04.28	77.71	78.49	77.13	78.30	90730	12579600	1
2020.04.29	79.69	80.55	79.04	80.18	135514	12813290	1
2020.04.30	78.58	79.05	77.21	77.21	117752	12378990	1
2020.05.04	75.17	76.30	74.77	76.10	79102	10111650	1
2020.05.05	77.00	78.14	76.20	76.54	103272	11236200	1
2020.05.06	76.82	77.06	75.15	76.20	106996	6296420	1
2020.05.07	77.08	77.21	75.17	75.40	112708	12412860	1
2020.05.08	76.94	77.58	76.50	77.43	147653	10911150	1
2020.05.11	76.70	77.79	76.03	76.14	97493	13427870	1
2020.05.12	76.78	77.38	75.00	75.00	110884	14461750	1
2020.05.13	75.69	76.13	74.30	75.15	96221	15018840	1
2020.05.14	74.24	76.25	72.85	76.25	95781	17683140	1
2020.05.15	75.70	76.66	74.48	74.56	114634	13103190	1
2020.05.18	77.24	78.49	76.91	78.03	68991	14219290	1
2020.05.19	78.34	79.18	77.62	77.65	92379	14897670	1
2020.05.20	78.31	79.27	77.85	78.45	81114	13551440	1
2020.05.21	78.59	80.30	78.46	79.97	112130	12577610	1
2020.05.22	78.98	79.94	78.61	79.94	217807	13108460	1
2020.05.25	81.70	82.73	81.63	82.60	135428	13440220	1
2020.05.26	83.98	84.14	82.19	82.45	104605	14439170	1
2020.05.27	83.44	85.00	82.71	84.68	101433	9844800	1
2020.05.28	84.23	84.86	83.47	83.65	93844	12827420	1
2020.05.29	83.59	84.18	82.15	84.15	152623	12938580	1
2020.06.01	83.60	85.74	83.48	85.33	68575	7400780	1
2020.06.02	86.00	87.78	85.99	87.78	115797	10279210	1
2020.06.03	89.20	90.28	88.87	89.37	170773	13179190	1
2020.06.04	89.07	90.70	88.85	90.31	181697	11939330	1
2020.06.05	93.07	93.76	91.05	91.05	205669	15475370	1
2020.06.08	92.47	94.12	92.10	93.95	104559	12583470	1
2020.06.09	92.39	93.76	91.93	92.95	153569	14753040	1
2020.06.10	93.95	94.12	91.05	91.17	180993	16071080	1
2020.06.12	88.52	89.90	87.37	89.25	61165	15687630	1
2020.06.15	87.25	89.74	86.71	89.07	60355	18428930	1
2020.06.16	91.40	91.69	89.37	90.00	108268	12224860	1
2020.06.17	90.54	93.00	90.00	91.95	179791	10722010	1
2020.06.18	91.24	93.58	91.15	92.63	112530	9706410	1
2020.06.19	93.80	94.00	92.29	92.64	145621	12980500	1
2020.06.22	93.22	93.30	91.33	91.75	97942	8425380	1
2020.06.23	93.10	93.81	92.14	92.26	70276	8226990	1
2020.06.24	92.05	92.37	89.76	90.77	85424	9841040	1
2020.06.25	90.79	92.75	90.61	92.39	65964	8739510	1
2020.06.26	91.87	92.44	90.02	90.22	60319	7314530	1
2020.06.29	91.15	92.30	90.35	92.30	65673	8953540	1
2020.06.30	91.78	92.74	91.26	91.62	70660	8847600	1
2020.07.01	91.88	93.35	91.88	92.68	59429	7999480	1
2020.07.02	93.80	94.42	92.50	92.50	91090	7040720	1
2020.07.03	92.44	93.21	92.29	93.19	35541	6147190	1
2020.07.06	94.77	95.62	94.51	95.31	100666	7592660	1
2020.07.07	94.91	95.30	93.65	94.10	123370	8578060	1
2020.07.08	94.94	96.30	94.81	96.10	69778	7350220	1
2020.07.09	96.28	96.46	95.18	95.41	107543	8092520	1
2020.07.10	95.45	96.42	95.00	96.34	147882	8967590	1
2020.07.13	96.89	97.15	95.05	95.05	95346	7746240	1
2020.07.14	95.10	96.87	94.62	96.60	99492	9503620	1
2020.07.15	97.70	98.34	96.93	98.03	100558	13982380	1
2020.07.16	97.55	97.80	96.46	96.82	64159	6110460	1
2020.07.17	97.42	99.25	97.42	99.13	103524	5621400	1
2020.07.20	99.12	100.60	98.88	100.50	39577	8563550	1
2020.07.21	101.23	101.36	99.85	100.29	33473	5261760	1
2020.07.22	100.57	101.15	99.39	100.38	70424	6524500	1
2020.07.23	100.38	101.06	98.27	98.40	44048	7849280	1
2020.07.24	98.30	98.93	97.09	98.59	62286	9457090	1
2020.07.27	98.93	100.73	98.85	100.46	65569	7766510	1
2020.07.28	100.25	100.80	99.61	100.05	44608	5983840	1
2020.07.29	100.93	101.77	100.86	101.48	42081	6381640	1
2020.07.30	100.75	101.75	99.99	101.31	45773	7330120	1
2020.07.31	101.40	101.44	98.80	99.29	66037	11113060	1
2020.08.03	99.96	100.04	98.50	99.20	115528	8093630	1
2020.08.04	97.91	98.97	96.25	97.60	107127	10175240	1
2020.08.05	99.03	99.90	98.11	98.99	83096	8143080	1
2020.08.06	99.18	100.70	98.96	100.17	62947	7225950	1
2020.08.07	98.90	100.39	98.11	98.83	72784	9389240	1
2020.08.10	99.09	100.00	97.48	99.54	69025	8459720	1
2020.08.11	100.26	100.55	98.20	98.20	66839	8779110	1
2020.08.12	98.91	99.24	96.90	98.33	105210	13054420	1
2020.08.13	98.87	99.40	96.39	96.51	82067	12987950	1
2020.08.14	96.95	97.94	96.64	97.47	86910	9080890	1
2020.08.17	97.29	97.93	94.82	95.83	64858	14191370	1
2020.08.18	97.51	98.50	97.34	98.25	62529	8976350	1
2020.08.19	98.46	98.46	96.91	97.00	88829	11210890	1
2020.08.20	95.24	98.01	95.08	97.67	98841	14779190	1
2020.08.21	97.32	97.80	96.60	97.60	117247	9064520	1
2020.08.24	98.48	98.66	97.76	98.50	78575	8361170	1
2020.08.25	98.82	99.06	97.81	98.35	77808	6259580	1
2020.08.26	98.14	98.73	95.62	96.63	111454	11923170	1
2020.08.27	97.07	97.82	96.09	96.87	123506	9553910	1
2020.08.28	97.27	98.56	97.08	98.30	57106	8002350	1
2020.08.31	97.61	97.69	95.70	95.70	75147	9479560	1
2020.09.01	96.58	98.45	96.55	98.35	115285	9668830	1
2020.09.02	98.59	98.98	97.04	98.15	104171	8523050	1
2020.09.03	97.89	99.39	96.00	96.96	142297	13314740	1
2020.09.04	97.58	97.97	95.23	97.42	118612	11241980	1
2020.09.08	96.09	96.99	95.60	96.80	77716	10374380	1
2020.09.09	97.05	97.87	96.70	97.50	99070	11216100	1
2020.09.10	97.49	97.73	94.80	95.04	97844	12675170	1
2020.09.11	95.32	95.75	94.05	94.48	61562	9577960	1
2020.09.14	95.42	96.75	95.01	96.51	81418	8622650	1
2020.09.15	96.96	97.13	95.90	96.46	93652	12170660	1
2020.09.16	96.72	96.89	95.85	95.91	86876	6607160	1
2020.09.17	95.20	96.55	94.81	96.37	53792	7711040	1
2020.09.18	95.85	96.34	94.30	94.64	95448	7507100	1
2020.09.21	93.39	93.65	92.24	93.40	97582	15532600	1
2020.09.22	93.17	94.05	92.79	93.67	102751	8027080	1
2020.09.23	93.84	93.84	92.15	92.17	109260	9591530	1
2020.09.24	92.26	94.36	92.17	93.30	120290	10449820	1
2020.09.25	92.84	93.50	92.00	93.50	50644	6925840	1
2020.09.28	94.25	94.70	90.82	91.20	153960	11498378	1
2020.09.29	91.04	91.97	89.90	89.92	132266	12294594	1
2020.09.30	90.55	91.83	90.55	91.05	390134	11676865	1
2020.10.01	91.34	91.97	90.07	91.91	112089	12908433	1
2020.10.02	91.27	92.48	90.11	90.11	69207	10729066	1
2020.10.05	90.86	92.86	90.45	92.64	153735	8197219	1
2020.10.06	93.23	93.84	91.61	92.03	247953	11627282	1
2020.10.07	92.41	92.85	91.28	91.95	482572	8822661	1
2020.10.08	92.18	94.32	92.01	94.27	477262	11739379	1
2020.10.09	94.13	94.99	93.50	93.65	217052	9149800	1
2020.10.13	94.10	95.35	93.65	94.80	168424	9960394	1
2020.10.14	95.01	95.86	95.01	95.59	238424	11431930	1
2020.10.15	94.36	95.80	94.05	95.34	130374	9544784	1
2020.10.16	95.12	95.45	94.54	94.54	306185	10186151	1
2020.10.19	95.06	96.20	94.70	95.00	143777	8649062	1
2020.10.20	95.50	96.97	95.43	96.67	252011	9421389	1
2020.10.21	96.54	97.85	96.37	96.65	185469	5866823	1
2020.10.22	96.68	98.29	96.63	98.06	212047	7461105	1
2020.10.23	98.06	98.39	97.39	97.44	146759	6525963	1
2020.10.26	97.00	97.99	96.02	97.23	246301	8803970	1
2020.10.27	97.41	97.88	95.63	95.68	232090	9534310	1
2020.10.28	94.00	94.08	91.56	91.56	228103	18677788	1
2020.10.29	91.57	93.12	89.91	92.80	294010	17470878	1
2020.10.30	92.23	92.45	90.03	90.66	244566	20957049	1
2020.11.03	92.09	92.80	91.47	92.26	257102	11381689	1
2020.11.04	93.51	94.63	92.85	94.16	226742	12844442	1
2020.11.05	95.77	97.17	95.38	96.95	242639	12692233	1
2020.11.06	96.09	97.34	96.09	97.19	171883	8765724	1
2020.11.09	100.39	101.15	99.27	99.50	174373	19613783	1
2020.11.10	99.93	101.82	99.73	101.00	153305	13893583	1
2020.11.11	100.81	101.50	100.23	100.89	103977	8081969	1
2020.11.12	100.65	101.13	98.20	98.70	162986	13042053	1
2020.11.13	99.39	100.84	99.13	100.83	130357	9964339	1
2020.11.16	102.02	102.51	101.24	102.51	51960	12869475	1
2020.11.17	102.07	103.76	101.83	103.10	140004	10466167	1
2020.11.18	103.32	103.46	101.92	101.92	92631	12518269	1
2020.11.19	102.15	103.00	101.53	102.73	78365	10514894	1
2020.11.20	102.31	102.74	101.66	102.03	82190	7599084	1
2020.11.23	102.78	103.48	102.56	103.28	113280	8341822	1
2020.11.24	103.67	105.85	103.51	105.72	126490	12368946	1
2020.11.25	105.47	106.49	105.16	105.83	145512	14523925	1
2020.11.26	105.39	106.11	105.25	106.02	198905	5774002	1
2020.11.27	106.30	107.41	106.11	106.44	43204	8211168	1
2020.11.30	106.00	106.82	104.71	105.00	109623	7556764	1
2020.12.01	106.48	107.67	106.15	107.05	71768	10198406	1
2020.12.02	107.34	108.09	106.41	107.75	489228	8628044	1
2020.12.03	108.03	109.13	107.63	108.15	134435	10470059	1
2020.12.04	108.80	109.60	108.75	109.43	219693	8513160	1
2020.12.07	109.41	110.23	108.28	109.31	104408	7064727	1
2020.12.08	108.99	110.08	108.52	109.44	97898	5802010	1
2020.12.09	109.51	109.70	108.27	108.77	105960	6339779	1
2020.12.10	109.31	110.94	108.41	110.70	122938	9107293	1
2020.12.11	109.84	111.19	109.62	110.79	106872	9442686	1
2020.12.14	111.24	111.38	110.05	110.20	66195	5053777	1
2020.12.15	110.72	112.00	110.55	111.76	156560	5932404	1
2020.12.16	111.70	113.69	111.06	113.35	278894	8393869	1
2020.12.17	113.44	114.60	113.35	113.99	116083	15590584	1
2020.12.18	113.79	114.90	113.09	113.50	370011	9159588	1
2020.12.21	111.62	112.70	110.61	111.43	129761	11188428	1
2020.12.22	111.62	112.54	111.27	112.25	152234	5273026	1
2020.12.23	112.55	113.91	112.52	113.14	68933	4856930	1
2020.12.28	114.00	114.77	113.77	114.70	56995	5433712	1
2020.12.29	115.00	115.40	114.25	114.97	43775	4278894	1
2020.12.30	115.32	115.70	114.50	114.65	66770	7741592	1
2021.01.04	115.60	115.86	113.58	114.09	341278	8493213	1
2021.01.05	114.00	115.33	112.33	114.69	102390	9620565	1
2021.01.06	114.56	116.40	114.34	115.55	100667	9494234	1
2021.01.07	114.86	118.37	114.86	118.37	150022	9250545	1
2021.01.08	118.49	120.66	117.72	120.40	342698	11955323	1
2021.01.11	119.05	120.15	117.81	118.62	224024	9150074	1
2021.01.12	118.79	119.93	118.57	119.45	228893	6681974	1
2021.01.13	119.44	119.44	116.42	117.36	73248	10324324	1
2021.01.14	118.27	119.29	117.84	118.68	148372	5193114	1
2021.01.15	117.50	117.69	115.66	115.78	49355	8895949	1
2021.01.18	116.71	118.11	116.48	116.54	66675	6894404	1
2021.01.19	117.38	117.53	114.73	116.00	50944	8069986	1
2021.01.20	116.70	116.90	114.18	115.24	43196	6834172	1
2021.01.21	114.98	115.66	113.27	113.81	60163	6947427	1
2021.01.22	112.22	113.50	111.70	113.18	51877	7586350	1
2021.01.26	112.91	114.69	111.70	112.08	187076	8011802	1
2021.01.27	111.70	113.45	110.53	110.96	274481	9379145	1
2021.01.28	111.28	114.90	111.28	114.51	404401	10568457	1
2021.01.29	113.09	114.03	110.55	110.56	224070	11356417	1
2021.02.01	112.65	113.50	111.33	113.06	264913	7533902	1
2021.02.02	114.50	115.35	113.25	113.85	223907	8346142	1
2021.02.03	114.40	115.78	114.30	115.25	215275	10527858	1
2021.02.04	115.58	116.12	114.37	114.62	85355	8040255	1
2021.02.05	115.33	116.59	114.90	115.82	113856	8095535	1
2021.02.08	115.41	116.32	114.60	115.18	49734	3924618	1
2021.02.09	114.91	115.46	113.78	114.91	32960	3461983	1
2021.02.10	115.28	115.28	113.45	113.92	91528	9288169	1
2021.02.11	114.73	115.80	114.05	114.90	150612	8336548	1
2021.02.12	114.29	115.26	113.66	115.05	177232	6637473	1
2021.02.17	114.53	116.01	114.34	115.86	156398	5357700	1
2021.02.18	115.75	116.25	114.01	114.61	147218	8332508	1
2021.02.19	113.98	114.75	113.35	113.82	185837	7258898	1
2021.02.22	109.99	110.11	107.47	108.25	341236	26825567	1
2021.02.23	109.47	111.02	108.77	110.76	198288	11760175	1
2021.02.24	111.57	111.79	110.26	111.46	127802	10286568	1
2021.02.25	111.50	112.14	107.51	107.53	237277	10153559	1
2021.02.26	108.40	109.21	105.59	105.59	217367	13781345	1
2021.03.01	107.41	108.24	105.94	105.94	211462	9913816	1
2021.03.02	104.99	108.23	103.16	107.50	295494	21487862	1
2021.03.03	107.00	108.40	103.38	107.16	271922	18095028	1
2021.03.04	107.39	110.18	107.07	108.57	207940	13002164	1
2021.03.05	108.33	111.09	108.04	110.93	123453	15195059	1
2021.03.08	108.76	110.22	105.35	105.35	136799	15598978	1
2021.03.09	106.19	108.50	105.20	107.19	60976	12619649	1
2021.03.10	107.60	108.68	105.70	108.63	97065	11060008	1
2021.03.11	109.59	110.75	108.93	110.45	174743	12779902	1
2021.03.12	109.61	110.09	108.90	109.68	170277	9662401	1
2021.03.15	109.21	110.66	109.21	110.66	32326	6727091	1
2021.03.16	110.28	110.61	109.00	109.69	99296	6727825	1
2021.03.17	109.07	112.38	108.98	112.05	157324	8487339	1
2021.03.18	111.57	112.37	110.00	110.50	226872	9841484	1
2021.03.19	110.86	112.10	110.30	111.70	120077	5638522	1
2021.03.22	110.78	111.14	109.32	110.69	146580	7547490	1
2021.03.23	110.02	111.29	108.74	109.02	127930	6756718	1
2021.03.24	109.50	110.55	107.76	107.87	192673	8571930	1
2021.03.25	107.73	109.79	106.69	109.38	84598	10034472	1
2021.03.26	109.41	111.11	109.00	110.28	240955	9486689	1
2021.03.29	109.84	111.24	109.76	110.96	68843	5802440	1
2021.03.30	110.43	112.70	110.36	112.43	213669	8811683	1
2021.03.31	112.37	112.83	111.47	112.02	300013	8454545	1
2021.04.01	112.33	112.65	110.56	110.68	164248	7628283	1
2021.04.05	111.92	113.21	111.82	113.21	120978	7570274	1
2021.04.06	113.14	113.74	112.70	113.27	117833	5278990	1
2021.04.07	112.76	113.86	112.25	113.18	123114	8163251	1
2021.04.08	113.30	114.49	112.97	113.75	128503	7176007	1
2021.04.09	113.20	114.18	112.75	113.01	142009	5667661	1
2021.04.12	113.77	114.56	113.65	114.40	96848	5094956	1
2021.04.13	114.16	115.00	113.50	114.67	256609	7141518	1
2021.04.14	114.92	116.26	114.90	115.60	122703	7211848	1
2021.04.15	116.16	116.78	115.50	116.20	194205	8111592	1
2021.04.16	115.92	116.75	115.60	116.46	222163	5288574	1
2021.04.19	116.46	117.35	116.00	116.34	115188	13288523	1
2021.04.20	116.10	116.68	115.29	115.48	127910	5907054	1
2021.04.22	116.40	116.43	114.65	114.95	59712	8619760	1
2021.04.23	115.58	116.27	115.35	115.97	74048	6146965	1
2021.04.26	116.73	116.73	115.15	115.95	44611	5216035	1
2021.04.27	116.02	116.49	114.45	114.78	117071	6173146	1
2021.04.28	115.48	116.69	115.37	116.40	191080	8855309	1
2021.04.29	116.63	116.88	115.14	115.32	113667	9100185	1
2021.04.30	114.78	115.59	114.33	114.40	124974	6032203	1
2021.05.03	115.30	115.38	113.94	114.68	87390	5412178	1
2021.05.04	114.80	114.80	113.16	113.27	234361	8940102	1
2021.05.05	114.05	115.29	113.73	115.15	50712	7249427	1
2021.05.06	114.97	115.45	114.54	115.43	163612	7731692	1
2021.05.07	115.76	117.46	115.68	117.46	103155	4688407	1
2021.05.10	117.75	118.07	117.13	117.14	85797	6074219	1
2021.05.11	116.00	118.13	115.61	118.13	115381	6538806	1
2021.05.12	116.86	117.09	114.84	115.27	178636	9237659	1
2021.05.13	115.61	116.82	115.28	116.04	67423	7590937	1
2021.05.14	117.18	117.56	116.38	117.24	40332	5048994	1
2021.05.17	117.07	118.41	117.06	118.31	42374	5279182	1
2021.05.18	118.09	118.88	117.74	118.19	132328	5456773	1
2021.05.19	117.07	118.54	116.94	118.01	29323	4843732	1
2021.05.20	118.05	118.14	117.48	117.91	92220	4833202	1
2021.05.21	118.01	118.13	117.10	118.01	40176	5169068	1
2021.05.24	118.26	119.50	117.96	119.26	98405	5788644	1
2021.05.25	119.89	119.97	118.05	118.40	114793	5697654	1
2021.05.26	118.94	119.58	118.79	119.24	192507	4716894	1
2021.05.27	119.46	119.83	118.79	119.59	81582	6038746	1
2021.05.28	119.75	120.89	119.53	120.72	58176	5991423	1
2021.05.31	120.84	121.25	120.28	121.25	29811	4707495	1
2021.06.01	122.49	123.50	122.49	123.33	190418	7085642	1
2021.06.02	123.51	124.67	123.21	124.67	166102	7372504	1
2021.06.04	124.46	125.18	124.16	125.05	67017	4722027	1
2021.06.07	124.80	126.22	124.56	125.75	67972	5564011	1
2021.06.08	125.50	125.81	124.35	124.71	128154	6624472	1
2021.06.09	124.91	125.92	124.37	124.88	173197	5374517	1
2021.06.10	125.36	125.59	124.35	125.00	112366	5071662	1
2021.06.11	125.57	125.57	123.76	124.48	47031	4490679	1
2021.06.14	125.29	126.14	124.71	125.15	167982	5341090	1
2021.06.15	125.17	125.33	124.32	125.18	226537	4464812	1
2021.06.16	125.38	125.38	123.42	124.22	162072	7215802	1
2021.06.17	124.21	124.96	122.72	123.09	48546	5278459	1
2021.06.18	123.39	123.88	122.61	123.27	50910	4714040	1
2021.06.21	123.22	124.51	123.11	124.23	79335	4917982	1
2021.06.22	123.76	124.61	122.90	123.82	106662	4567571	1
2021.06.23	123.82	124.95	123.25	123.54	95102	4931981	1
2021.06.24	124.74	124.74	123.91	124.53	44406	3702809	1
2021.06.25	124.93	124.93	121.76	122.50	71786	5253258	1
2021.06.28	122.57	123.22	121.80	122.45	43735	5936665	1
2021.06.29	122.55	122.59	121.33	122.31	50601	5275619	1
2021.06.30	121.87	122.34	121.34	121.81	91349	4419211	1
2021.07.01	122.12	122.29	120.20	120.73	90377	6440452	1
2021.07.02	121.71	122.86	121.22	122.78	52335	6795892	1
2021.07.05	122.58	122.58	121.66	121.97	50539	4437056	1
2021.07.06	121.50	121.56	120.05	120.30	62381	5736262	1
2021.07.07	121.50	122.37	120.43	122.28	47618	4433980	1
2021.07.08	120.03	121.13	119.55	120.66	25683	5493705	1
2021.07.12	121.44	122.95	121.34	122.78	36497	3846259	1
2021.07.13	122.20	123.50	121.61	123.32	50585	5541055	1
2021.07.14	124.30	124.71	123.20	123.47	56448	6370873	1
2021.07.15	123.23	124.07	122.08	122.80	35712	3956398	1
2021.07.16	123.01	123.14	121.04	121.15	54569	5638173	1
2021.07.19	119.50	119.91	118.64	119.74	75786	6486683	1
2021.07.20	119.38	120.84	118.88	120.60	61406	6962543	1
2021.07.21	120.65	121.28	120.46	121.12	35745	4175624	1
2021.07.22	121.08	121.60	120.60	121.43	46022	2196191	1
2021.07.23	121.33	121.36	119.62	120.20	39776	4065682	1
2021.07.26	120.32	121.42	120.32	121.20	36888	3630350	1
2021.07.27	120.74	120.74	118.90	119.76	55106	4666294	1
2021.07.28	120.90	121.90	120.20	121.45	66690	8150670	1
2021.07.29	121.42	121.69	120.13	120.73	31449	3522864	1
2021.07.30	119.65	120.24	117.10	117.11	61406	8325910	1
2021.08.02	118.88	119.80	117.60	117.60	153504	8118658	1
2021.08.03	117.79	119.05	116.13	118.73	125945	6795157	1
2021.08.04	118.21	118.51	116.38	116.96	45068	6475087	1
2021.08.05	118.24	118.89	116.46	116.93	65182	9258798	1
2021.08.06	117.40	118.59	116.91	118.24	35371	5126802	1
2021.08.09	117.79	118.92	117.58	118.14	77579	6097467	1
2021.08.10	118.50	118.82	117.39	117.57	201794	5772699	1
2021.08.11	117.49	118.08	116.18	117.26	112340	5901371	1
2021.08.12	117.29	117.29	115.87	115.87	69233	7638888	1
2021.08.13	116.45	116.68	115.35	116.56	78756	5517366	1
2021.08.16	116.18	116.18	114.21	114.63	112179	9791642	1
2021.08.17	114.30	114.60	111.89	113.35	135374	13292071	1
2021.08.18	113.06	114.36	112.06	112.06	126259	14236488	1
2021.08.19	110.82	113.17	110.00	112.85	130181	12328384	1
2021.08.20	111.49	113.87	111.37	113.65	86065	7583211	1
2021.08.23	113.65	113.94	112.59	113.05	54657	4762182	1
2021.08.24	114.55	115.89	114.24	115.63	69258	6919108	1
2021.08.25	115.11	116.14	114.66	116.14	52229	4818302	1
2021.08.26	115.66	116.25	114.07	114.07	51861	6585953	1
2021.08.27	114.65	116.18	114.51	116.18	124573	4813849	1
2021.08.30	115.75	115.82	114.79	115.08	64398	5991479	1
2021.08.31	114.98	115.57	113.35	114.08	81865	5871883	1
2021.09.01	114.15	115.45	113.55	114.80	65359	5198027	1
2021.09.02	114.14	114.14	112.11	112.15	70975	5823202	1
2021.09.03	113.01	113.21	111.23	112.09	79640	8596656	1
2021.09.06	112.00	113.61	111.73	113.48	37558	5936640	1
2021.09.08	113.19	113.27	108.82	109.08	101530	16062814	1
2021.09.09	109.55	112.22	108.10	111.51	104087	13771403	1
2021.09.10	112.30	112.45	109.88	109.88	139889	13873544	1
2021.09.13	111.68	112.65	111.05	112.12	103024	8031756	1
2021.09.14	112.02	112.83	111.41	111.70	47699	7813712	1
2021.09.15	111.74	111.74	110.32	110.68	76369	7202755	1
2021.09.16	109.77	110.12	109.04	109.44	69448	7889034	1
2021.09.17	109.18	109.18	106.92	107.14	70495	9210344	1
2021.09.20	105.25	105.66	103.44	104.77	121978	15855983	1
2021.09.21	105.30	106.71	104.77	105.77	93868	12488489	1
2021.09.22	107.60	109.00	107.47	107.99	103609	14978950	1
2021.09.23	108.27	109.99	108.12	109.60	98329	12509182	1
2021.09.24	108.61	109.19	108.13	109.03	80839	7895105	1
2021.09.27	108.93	110.40	107.85	108.89	83460	9016862	1
2021.09.28	108.57	108.82	105.71	105.83	106418	10842106	1
2021.09.29	106.88	107.74	106.13	106.83	52623	7332939	1
2021.09.30	107.35	108.05	106.43	106.49	107915	9052723	1
2021.10.01	107.01	108.70	106.95	108.49	80033	8021491	1
2021.10.04	107.51	107.52	105.74	106.18	72396	6656044	1
2021.10.05	106.23	107.48	105.81	106.12	92071	11274817	1
2021.10.06	104.71	106.43	103.97	106.37	88343	13111977	1
2021.10.07	106.73	107.20	106.27	106.42	76013	8619646	1
2021.10.08	107.82	110.05	107.62	108.39	81503	6579778	1
2021.10.11	108.66	109.60	107.75	107.75	70005	5309639	1
2021.10.13	108.03	109.86	107.68	109.24	103221	9431902	1
2021.10.14	109.45	109.45	108.32	108.97	80404	6562055	1
2021.10.15	109.05	110.37	108.67	110.22	90444	10723495	1
2021.10.18	108.80	110.53	108.42	109.95	119634	7640866	1
2021.10.19	108.33	108.87	105.72	106.80	248913	18754445	1
2021.10.20	107.19	107.78	105.90	106.40	201894	9991735	1
2021.10.21	104.49	105.31	101.62	103.65	323036	15082743	1
2021.10.22	102.46	103.77	98.88	102.33	159018	27094189	1
2021.10.25	103.74	105.24	102.96	104.55	269623	23253136	1
2021.10.26	103.37	103.64	102.20	102.25	184467	11078150	1
2021.10.27	103.15	104.13	101.96	102.40	238458	9458647	1
2021.10.28	101.84	103.20	100.61	100.61	164989	7568586	1
2021.10.29	101.99	102.04	99.47	99.68	205738	10625662	1
2021.11.01	100.76	102.07	100.41	101.52	394843	11154801	1
2021.11.03	100.80	102.82	100.14	102.00	196219	15580491	1
2021.11.04	101.52	101.52	98.87	99.65	171415	14733164	1
2021.11.05	100.50	101.57	100.38	100.81	171019	7111657	1
2021.11.08	100.12	101.75	100.10	100.83	166233	7156498	1
2021.11.09	100.98	102.63	100.95	101.39	162115	9319101	1
2021.11.10	101.26	103.29	101.06	102.02	171301	9346699	1
2021.11.11	103.54	104.50	103.23	103.55	146024	12871446	1
2021.11.12	103.30	103.87	101.73	102.13	70854	7567624	1
2021.11.16	102.73	102.85	100.12	100.36	97106	9476596	1
2021.11.17	101.50	101.54	98.50	99.25	83185	8639990	1
2021.11.18	99.37	99.87	98.14	98.65	127576	10517617	1
2021.11.19	98.79	100.02	98.34	99.27	92183	8388185	1
2021.11.22	99.53	100.65	98.23	98.24	108685	8716382	1
2021.11.23	99.17	100.00	97.88	100.00	143231	12459671	1
2021.11.24	99.14	101.17	98.51	100.66	93968	15892051	1
2021.11.25	101.01	102.46	100.77	101.99	68052	8605230	1
2021.11.26	99.39	99.39	97.60	98.39	121666	10402486	1
2021.11.29	99.64	100.20	98.74	99.01	79405	7099544	1
2021.11.30	98.59	99.19	96.32	98.35	110602	11313116	1
2021.12.01	99.26	100.18	96.91	97.09	285975	14177075	1
2021.12.02	98.45	100.43	98.30	100.43	94446	11747929	1
2021.12.03	100.86	102.84	100.15	101.32	79134	11461688	1
2021.12.06	101.98	103.57	101.68	103.00	83830	9256574	1
2021.12.07	104.50	104.50	103.12	103.63	57904	7162804	1
2021.12.08	103.85	104.54	103.31	104.20	72119	6093913	1
2021.12.09	103.37	103.48	101.90	102.14	77211	7126327	1
2021.12.10	103.60	104.24	103.25	103.73	41656	5772541	1
2021.12.13	103.90	105.41	103.46	103.50	62777	8548419	1
2021.12.14	104.59	105.10	102.44	102.70	48399	5746846	1
2021.12.15	102.70	104.10	101.67	103.20	44324	6693457	1
2021.12.16	104.50	104.88	103.62	104.41	73392	9004154	1
2021.12.17	103.38	103.80	102.50	103.10	86615	9283661	1
2021.12.20	101.98	101.98	100.40	101.00	61352	9656450	1
2021.12.21	101.89	101.94	101.10	101.42	44842	6268166	1
2021.12.22	101.70	101.79	100.44	101.43	51581	7263946	1
2021.12.23	101.60	101.60	100.71	100.85	31355	5047637	1
2021.12.27	101.40	101.80	100.95	101.60	42636	5274352	1
2021.12.28	101.83	101.83	100.59	101.06	48556	7167734	1
2021.12.29	101.24	101.35	99.94	100.25	96756	7343838	1
2021.12.30	100.81	101.45	100.29	100.80	88802	3404622	1
2022.01.03	101.49	102.24	99.55	99.93	58696	9627960	1
2022.01.04	100.46	100.48	99.26	99.57	38959	7865032	1
2022.01.05	99.29	99.70	97.10	97.10	88345	14325274	1
2022.01.06	97.64	98.49	97.41	97.85	98260	7406134	1
2022.01.07	97.79	98.70	97.28	98.70	47935	9225417	1
2022.01.10	97.96	98.74	97.28	98.43	61286	6105347	1
2022.01.11	98.13	100.10	98.01	100.10	67609	8928004	1
2022.01.12	100.30	101.92	100.15	101.91	75705	5139226	1
2022.01.13	101.20	102.32	101.03	101.55	71782	7127705	1
2022.01.14	101.60	103.07	101.09	103.07	69639	6039783	1
2022.01.17	102.54	102.91	102.09	102.58	49218	3734769	1
2022.01.18	102.27	103.08	101.81	102.85	92161	6179773	1
2022.01.19	103.85	104.65	103.64	104.05	62383	4800243	1
2022.01.20	104.57	105.79	104.34	104.90	142951	9179398	1
2022.01.21	104.46	105.73	104.28	104.70	114874	7870314	1
2022.01.24	104.49	104.66	102.65	104.08	66770	9967944	1
2022.01.25	103.42	106.64	103.15	106.33	88432	10353103	1
2022.01.26	107.43	108.54	106.83	107.39	98410	9196792	1
2022.01.27	108.26	108.85	107.50	108.20	125524	11298513	1
2022.01.28	107.74	108.80	107.00	107.58	79277	7697928	1
2022.01.31	107.29	108.46	107.04	107.98	92748	11574584	1
2022.02.01	108.24	109.15	107.95	109.15	93259	7449053	1
2022.02.02	109.09	109.20	107.52	107.69	87485	7856193	1
2022.02.03	108.04	108.30	107.11	107.77	48698	5108583	1
2022.02.04	107.43	108.22	106.22	108.02	57784	5447251	1
2022.02.07	107.77	108.24	107.32	107.72	74639	7654432	1
2022.02.08	107.04	108.23	106.82	108.23	53371	5838001	1
2022.02.09	107.85	108.98	107.61	108.23	31249	6409174	1
2022.02.10	108.79	109.62	108.01	109.10	66570	6122420	1
2022.02.11	109.90	110.60	108.84	109.31	66656	10129103	1
2022.02.14	109.66	109.99	109.11	109.52	62639	9326250	1
2022.02.15	109.94	110.60	109.72	110.60	110856	6013800	1
2022.02.16	111.06	111.34	110.58	110.77	78022	6453198	1
2022.02.17	110.58	110.87	109.10	109.10	56438	7640255	1
2022.02.18	109.86	109.96	108.44	108.51	52825	7634598	1
2022.02.21	108.95	109.18	107.45	107.45	46902	7114257	1
2022.02.22	108.91	109.19	108.11	109.00	77288	6156353	1
2022.02.23	109.03	109.60	107.58	107.58	82550	7204675	1
2022.02.24	105.24	107.50	105.10	107.48	88364	12751281	1
2022.02.25	107.05	108.90	106.55	108.90	75475	6768630	1
2022.03.02	110.20	111.16	109.32	111.10	30504	4663476	1
2022.03.03	111.09	111.66	110.80	111.02	49202	6039498	1
2022.03.04	110.66	110.79	109.26	110.40	69769	7756558	1
2022.03.07	110.00	110.32	106.95	107.11	83315	10727876	1
2022.03.08	107.88	108.29	106.92	107.29	104577	12913914	1
2022.03.09	108.02	109.86	107.59	109.78	63757	8496076	1
2022.03.10	109.07	109.44	107.71	109.40	56841	7097908	1
2022.03.11	110.13	110.30	107.16	107.70	64300	6797149	1
2022.03.14	108.19	108.37	105.64	106.04	68333	4925483	1
2022.03.15	105.01	105.57	103.84	104.90	73542	9659344	1
2022.03.16	106.00	107.14	105.07	107.14	66049	12250716	1
2022.03.17	107.46	108.87	106.90	108.70	60579	8811365	1
2022.03.18	108.54	111.02	108.27	110.73	70108	9427427	1
2022.03.21	111.19	112.00	110.94	111.94	91754	11379756	1
2022.03.22	112.67	113.26	112.54	113.10	118022	5970614	1
2022.03.23	113.13	113.85	112.70	112.90	81563	8686016	1
2022.03.24	113.35	114.86	112.80	114.74	54848	7511789	1
2022.03.25	115.00	115.24	114.14	114.75	80411	7494748	1
2022.03.28	114.89	114.98	113.66	114.51	64735	5092507	1
2022.03.29	115.82	116.42	115.10	115.75	88246	8801362	1
2022.03.30	115.80	116.10	115.33	115.90	43229	4025420	1
2022.03.31	115.91	116.45	115.57	115.60	51313	4824650	1
2022.04.01	116.58	117.22	116.56	117.20	123496	5894874	1
2022.04.04	116.85	117.06	116.28	116.80	39027	2214533	1
2022.04.05	116.71	117.10	114.38	114.51	80243	7418366	1
2022.04.06	114.12	114.31	112.48	113.87	84871	8635815	1
2022.04.07	113.27	114.90	113.01	114.65	56569	4445856	1
2022.04.08	113.95	114.49	113.12	113.98	61597	3838833	1
2022.04.11	112.85	113.37	112.50	112.57	96698	3491911	1
2022.04.12	113.97	114.18	111.77	111.77	47949	3771220	1
2022.04.13	112.60	113.02	111.97	112.52	44103	4570291	1
2022.04.14	112.00	112.46	111.30	111.65	39333	3071925	1
2022.04.18	111.62	111.98	110.92	111.46	44397	3816169	1
2022.04.19	110.76	111.17	110.06	110.92	38484	4178861	1
2022.04.20	110.52	110.75	109.73	110.05	55625	3650025	1
2022.04.22	109.37	109.37	106.50	106.75	60264	7662644	1
2022.04.25	105.78	107.11	105.24	106.76	79771	5768992	1
2022.04.26	105.90	106.17	104.05	104.28	63838	6676674	1
2022.04.27	105.93	106.11	105.00	105.52	81520	8768450	1
2022.04.28	106.06	106.66	104.82	105.86	68933	5764184	1
2022.04.29	107.29	107.73	103.40	103.40	82763	6944103	1
2022.05.02	103.67	103.96	101.30	102.72	124674	9743337	1
2022.05.03	102.85	103.25	102.09	102.72	119285	8407837	1
2022.05.04	101.97	104.57	101.10	104.38	70579	8716198	1
2022.05.05	103.19	103.20	100.12	101.50	109313	12346990	1
2022.05.06	101.52	102.43	100.10	101.23	119054	12535854	1
2022.05.09	99.80	100.68	99.02	99.68	104403	8110682	1
2022.05.10	100.16	100.39	98.63	99.24	97427	5841891	1
2022.05.11	99.61	101.48	99.61	100.64	61524	9109182	1
2022.05.12	100.00	102.04	99.74	102.04	78196	8360011	1
2022.05.13	102.34	103.87	102.26	103.29	70189	8325414	1
2022.05.16	103.36	104.82	102.97	104.40	99622	8752070	1
2022.05.17	105.55	105.70	104.37	104.90	60518	4257017	1
2022.05.18	104.78	104.78	102.15	102.21	71661	8974872	1
2022.05.19	102.41	103.50	102.39	103.08	85229	9815055	1
2022.05.20	104.50	104.88	103.47	104.66	75507	8057097	1
2022.05.23	105.47	106.76	105.12	106.76	80336	6864482	1
2022.05.24	105.24	106.71	104.50	106.64	95551	7912088	1
2022.05.25	106.19	107.04	105.68	106.66	46448	5691650	1
2022.05.26	106.67	108.09	106.35	108.02	60430	4366641	1
2022.05.27	107.73	108.43	107.55	107.90	52002	5091477	1
2022.05.30	108.70	108.73	106.64	106.92	46123	3014875	1
2022.05.31	107.74	107.93	106.67	107.18	56026	3001535	1
2022.06.01	107.33	107.99	106.77	107.47	50913	4547484	1
2022.06.02	108.35	108.75	107.20	108.43	52022	4658618	1
2022.06.03	107.90	107.90	106.97	107.48	106696	8974759	1
2022.06.06	107.61	108.02	106.06	106.42	40916	4548920	1
2022.06.07	105.88	106.54	105.47	106.15	106589	5187881	1
2022.06.08	105.23	106.25	104.19	104.60	126919	7977701	1
2022.06.09	104.19	104.74	103.23	103.68	71699	8339926	1
2022.06.10	102.40	102.55	100.87	101.82	121219	10689386	1
2022.06.13	100.10	100.23	98.07	99.12	146330	15056055	1
2022.06.14	99.22	99.58	97.63	98.36	102781	9883506	1
2022.06.15	99.61	100.32	98.30	99.38	94946	10162443	1
2022.06.17	97.59	97.59	94.91	96.21	169504	21181660	1
2022.06.20	96.20	96.87	94.83	96.29	86777	7181682	1
2022.06.21	97.07	97.49	95.60	96.40	71349	6969384	1
2022.06.22	95.24	96.89	94.65	96.03	104422	8039681	1
2022.06.23	96.46	96.79	94.38	94.66	58019	6550564	1
2022.06.24	95.55	95.89	94.51	95.47	105624	14391569	1
2022.06.27	96.06	97.66	95.80	97.35	75395	8069617	1
2022.06.28	98.07	98.63	96.37	97.05	78542	7650747	1
2022.06.29	97.37	97.66	95.65	96.00	67343	4838219	1
2022.06.30	94.50	95.79	94.26	95.00	70707	8318924	1
2022.07.01	94.36	95.85	93.81	95.63	82354	7251049	1
2022.07.04	94.99	95.87	94.75	95.20	48107	6036832	1
2022.07.05	94.42	94.92	93.06	94.80	89813	7250109	1
2022.07.06	94.58	95.66	93.97	95.42	62294	6343177	1
2022.07.07	96.62	97.91	96.58	97.38	53282	8341836	1
2022.07.08	97.52	98.00	96.39	96.88	73382	6332439	1
2022.07.11	95.36	95.76	94.35	94.80	64183	7295507	1
2022.07.12	94.27	95.29	93.83	94.90	88922	8193143	1
2022.07.13	94.20	95.45	93.95	94.51	57207	5761578	1
2022.07.14	93.03	93.11	92.09	92.55	78996	9586446	1
2022.07.15	92.88	93.58	91.90	93.27	65750	7759815	1
2022.07.18	94.00	94.82	93.20	93.37	94415	8243224	1
2022.07.19	93.72	94.84	93.57	94.70	70173	12414026	1
2022.07.20	94.20	94.95	93.84	94.95	54985	7547777	1
2022.07.21	93.99	95.53	93.62	95.35	81278	7730274	1
2022.07.22	95.79	96.16	94.82	95.42	39276	5021331	1
2022.07.25	96.31	96.93	96.03	96.75	58488	4176866	1
2022.07.26	96.88	97.16	95.85	96.15	53216	4751759	1
2022.07.27	96.77	97.94	96.46	97.83	41614	4281514	1
2022.07.28	98.01	99.10	97.42	99.10	58988	6319502	1
2022.07.29	99.29	100.38	98.95	99.30	68661	5946568	1
2022.08.01	99.27	99.68	98.14	98.56	73771	6620344	1
2022.08.02	98.30	100.02	98.11	99.53	55813	5137849	1
2022.08.03	99.77	100.20	99.15	100.20	95925	5335811	1
2022.08.04	100.96	102.48	100.93	102.48	111104	8660272	1
2022.08.05	102.35	103.41	101.76	102.74	115226	9960088	1
2022.08.08	103.35	104.80	103.29	104.80	109448	9831028	1
2022.08.09	105.44	105.44	104.04	105.05	78345	5355366	1
2022.08.10	106.21	106.56	105.59	106.56	109194	9042577	1
2022.08.11	107.31	107.55	105.76	105.88	96038	10520873	1
2022.08.12	106.77	108.64	106.31	108.64	89324	8630365	1
2022.08.15	107.55	109.24	107.10	108.97	68061	7771546	1
2022.08.16	109.00	109.76	108.75	109.76	52917	5692152	1
2022.08.17	108.70	110.22	108.62	109.99	92426	9360935	1
2022.08.18	110.16	110.31	109.35	109.94	56662	5273329	1
2022.08.19	108.82	109.00	107.35	107.53	80287	11321464	1
2022.08.22	106.76	107.15	106.09	106.73	102406	8236232	1
2022.08.23	107.04	109.10	107.04	109.10	75941	8724611	1
2022.08.24	108.93	109.90	108.66	109.18	65271	4755150	1
2022.08.25	109.83	110.09	108.83	109.60	38093	3238435	1
2022.08.26	110.08	110.19	108.00	108.36	96263	6835703	1
2022.08.29	107.91	109.29	107.86	108.40	69740	7288137	1
2022.08.30	108.70	108.90	106.25	106.40	64420	4957715	1
2022.08.31	106.83	107.52	105.70	105.83	160669	5116217	1
2022.09.01	106.07	106.59	104.43	106.59	73385	4561281	1
2022.09.02	107.36	108.42	106.71	107.09	59445	6381536	1
2022.09.05	108.27	108.69	107.78	108.45	31665	4094554	1
2022.09.06	106.93	107.08	105.51	105.95	56245	4461050	1
2022.09.08	106.11	106.91	104.76	106.18	49577	6299697	1
2022.09.09	107.54	108.58	107.28	108.40	47860	8402232	1
2022.09.12	109.60	110.19	109.30	109.55	43074	4465282	1
2022.09.13	107.94	108.85	106.61	106.98	64804	5064716	1
2022.09.14	106.69	107.59	106.22	106.75	42769	3650114	1
2022.09.15	106.76	107.26	105.62	106.11	36382	4790495	1
2022.09.16	105.19	105.76	104.72	105.60	93122	8915799	1
2022.09.19	104.83	108.22	104.66	108.22	75504	6620149	1
2022.09.20	108.50	108.85	107.45	108.85	77456	7464183	1
2022.09.21	108.90	109.42	107.41	108.16	68341	9378078	1
2022.09.22	109.58	110.47	107.88	110.13	159636	7085594	1
2022.09.23	108.21	108.54	106.84	107.84	67994	6406727	1
2022.09.26	107.00	107.33	105.13	105.13	89155	8072060	1
2022.09.27	106.45	106.45	104.34	104.68	70131	8212180	1
2022.09.28	104.62	105.21	104.07	104.82	54125	6309507	1
2022.09.29	103.71	104.36	102.43	103.80	56789	7227219	1
2022.09.30	103.64	106.70	103.51	106.46	92629	9230178	1
2022.10.03	110.00	112.40	109.33	112.40	83909	11174688	1
2022.10.04	114.02	114.14	111.76	112.35	103509	9079615	1
2022.10.05	112.62	113.48	111.82	113.32	70714	6244323	1
2022.10.06	113.59	114.47	113.01	113.47	61704	8497689	1
2022.10.07	112.97	113.89	111.96	112.78	60223	9119631	1
2022.10.10	112.89	113.05	111.28	112.08	33490	5751796	1
2022.10.11	111.49	111.87	110.29	110.89	51148	5329929	1
2022.10.13	109.27	111.45	108.75	110.26	54036	7730687	1
2022.10.14	110.36	110.72	107.67	108.22	48979	5649931	1
2022.10.17	108.77	110.39	108.41	109.90	46281	3774142	1
2022.10.18	111.25	111.94	110.18	111.94	74589	6492535	1
2022.10.19	111.73	112.44	111.27	112.35	51458	3791944	1
2022.10.20	113.19	113.33	112.40	112.90	82846	11377231	1
2022.10.21	113.00	116.61	112.63	116.43	132858	11922250	1
2022.10.24	114.57	114.57	111.80	112.14	98608	9855224	1
2022.10.25	111.70	112.24	110.48	110.48	93433	6907345	1
2022.10.26	109.55	110.43	108.70	108.78	73341	7707875	1
2022.10.27	109.80	112.53	109.10	110.00	80482	9077260	1
2022.10.28	109.84	113.00	109.34	113.00	151316	11119917	1
2022.10.31	108.47	112.78	108.25	112.15	135979	13927057	1
2022.11.01	113.16	114.19	111.44	112.81	148315	10005299	1
2022.11.03	111.36	113.35	110.40	113.10	90750	7905539	1
2022.11.04	115.34	115.91	113.95	114.00	120800	9554558	1
2022.11.07	113.39	114.14	111.16	111.22	114303	8490758	1
2022.11.08	110.72	113.17	110.61	112.30	108199	8043997	1
2022.11.09	111.21	112.50	109.14	109.75	83173	12347442	1
2022.11.10	107.00	108.68	104.65	106.10	184590	24101641	1
2022.11.11	106.10	109.24	105.75	108.55	146480	13538266	1
2022.11.14	109.58	110.43	108.08	109.24	81260	8737698	1
2022.11.16	109.24	109.44	105.62	106.04	104401	14252894	1
2022.11.17	104.90	105.93	103.53	105.69	157483	16978148	1
2022.11.18	107.09	107.78	104.65	104.85	129224	12027082	1
2022.11.21	106.00	106.45	104.20	106.08	177603	12565712	1
2022.11.22	106.35	106.60	104.11	105.07	64771	6812999	1
2022.11.23	104.65	105.60	104.18	105.24	75172	8097851	1
2022.11.24	105.90	108.86	105.79	108.20	83996	7266139	1
2022.11.25	107.80	107.96	104.82	105.07	91612	5237368	1
2022.11.28	105.14	105.76	104.64	105.15	52308	3984614	1
2022.11.29	105.87	108.44	105.51	107.29	108663	9506788	1
2022.11.30	107.10	108.58	106.39	108.58	90240	8921213	1
2022.12.01	107.77	108.20	106.71	107.06	115738	7068611	1
2022.12.02	107.57	109.90	106.14	107.95	72051	7884555	1
2022.12.05	107.70	108.15	105.50	105.63	64405	5817476	1
2022.12.06	106.50	106.88	105.42	106.74	74454	6254454	1
2022.12.07	105.99	106.48	104.84	105.59	68602	5449114	1
2022.12.08	105.06	105.55	103.19	103.57	75022	7512214	1
2022.12.09	104.23	104.92	103.39	103.90	67498	5248949	1
2022.12.12	103.75	103.97	100.30	101.80	151605	12417047	1
2022.12.13	102.26	103.77	100.01	100.30	138263	16354218	1
2022.12.14	99.30	101.16	98.30	100.70	171146	15092220	1
2022.12.15	99.94	102.20	99.55	100.50	166304	12770355	1
2022.12.16	100.45	100.64	98.81	99.40	146847	12318895	1
2022.12.19	99.90	101.64	99.45	101.37	118184	7735283	1
2022.12.20	100.78	104.50	100.78	103.55	115910	12871941	1
2022.12.21	104.16	104.94	102.40	103.87	131405	10176995	1
2022.12.22	104.00	104.77	102.89	103.93	83364	6292139	1
2022.12.23	104.60	106.26	104.31	106.00	66558	10608462	1
2022.12.26	105.66	105.74	104.57	105.15	49959	4382852	1
2022.12.27	105.77	105.77	103.71	104.90	76847	7378550	1
2022.12.28	105.37	107.00	105.11	106.80	46228	4198744	1
2022.12.29	107.17	107.50	105.76	105.95	41155	6193414	1
2023.01.02	104.36	104.45	102.29	102.63	57055	7559253	1
2023.01.03	103.00	103.00	100.35	100.48	93513	12193800	1
2023.01.04	101.21	102.18	100.40	101.92	98453	6682750	1
2023.01.05	102.54	104.27	101.83	104.27	58291	7304475	1
2023.01.06	104.48	105.80	104.20	105.50	51725	8766723	1
2023.01.09	104.94	106.32	104.68	105.35	60158	6371819	1
2023.01.10	104.85	107.54	104.72	107.18	58667	4848616	1
2023.01.11	107.40	109.10	107.11	109.10	297476	6164690	1
2023.01.12	108.50	109.19	106.94	108.26	59399	5880623	1
2023.01.13	106.94	107.64	106.69	107.35	62796	4742049	1
2023.01.16	106.95	106.95	105.13	105.47	52325	6905014	1
2023.01.17	106.24	107.98	106.22	107.80	38957	6647627	1
2023.01.18	108.83	109.60	108.33	108.33	88250	9405455	1
2023.01.19	107.70	109.54	107.61	109.11	63410	4378786	1
2023.01.20	109.11	109.15	108.01	108.45	53307	6269748	1
2023.01.23	108.89	109.33	107.88	107.90	54751	4401425	1
2023.01.24	108.71	109.43	107.97	109.43	64531	5724141	1
2023.01.25	109.00	110.68	108.21	110.65	58997	6427546	1
2023.01.26	110.70	111.10	109.86	110.42	53183	4382206	1
2023.01.27	110.28	110.29	108.34	108.40	49145	5294651	1
2023.01.30	109.01	109.32	108.13	108.70	41093	2905618	1
2023.01.31	108.71	109.96	108.71	109.84	56634	5733562	1
2023.02.01	109.49	109.86	107.06	108.40	63844	10380157	1
2023.02.02	107.49	109.27	106.06	106.30	83941	9555616	1
2023.02.03	106.15	106.91	104.54	104.87	69665	7873654	1
2023.02.06	104.88	105.25	103.90	105.25	76263	6121193	1
2023.02.07	105.39	105.39	103.70	104.10	79345	6129919	1
2023.02.08	105.03	106.62	104.80	106.34	74738	6153145	1
2023.02.09	106.33	106.45	104.26	104.44	103801	7418766	1
2023.02.10	104.16	105.13	104.10	104.75	47422	4772746	1
2023.02.13	104.36	105.63	103.92	105.47	61713	6785833	1
2023.02.14	105.85	106.06	104.05	104.43	63636	6320111	1
2023.02.15	104.19	108.00	103.62	106.05	121070	10598991	1
2023.02.16	105.48	106.82	104.75	106.50	87119	7290582	1
2023.02.17	105.75	106.27	105.36	105.56	62734	5465744	1
2023.02.22	104.09	104.09	103.18	103.60	52154	5373490	1
2023.02.23	103.71	105.18	103.15	104.15	67473	8952321	1
2023.02.24	104.00	104.06	101.87	102.38	62835	7548371	1
2023.02.27	102.71	103.02	101.80	102.29	59455	4632542	1
2023.02.28	102.34	103.34	101.15	101.15	89178	7211761	1
2023.03.01	101.91	101.94	99.71	101.20	100491	12453131	1
2023.03.02	100.88	101.56	99.94	99.94	78694	5860502	1
2023.03.03	100.30	101.15	100.22	100.42	61461	4266878	1
2023.03.06	100.83	101.81	99.77	101.47	98864	7003862	1
2023.03.07	101.48	101.78	100.12	100.90	60111	4824250	1
2023.03.08	101.20	103.30	101.12	103.22	67158	8866715	1
2023.03.09	103.00	103.24	101.56	101.56	122122	8497977	1
2023.03.10	100.95	101.60	99.82	100.21	96410	11620694	1
2023.03.13	99.21	100.59	98.91	99.78	70850	6003109	1
2023.03.14	99.85	100.83	99.14	99.58	79443	6853634	1
2023.03.15	97.99	99.73	97.42	99.39	83490	11008086	1
2023.03.16	99.35	100.54	99.10	100.00	120742	12085813	1
2023.03.17	99.37	99.37	98.27	98.85	67162	7469804	1
2023.03.20	98.77	99.00	97.37	97.70	211009	7689231	1
2023.03.21	97.98	98.37	97.62	97.93	51850	5178658	1
2023.03.22	97.59	98.70	96.82	97.03	103311	7362958	1
2023.03.23	97.50	97.91	93.81	94.58	85294	12215149	1
2023.03.24	95.01	96.16	94.60	95.86	49887	7502799	1
2023.03.27	96.65	96.80	95.84	96.54	38848	6461608	1
2023.03.28	96.30	98.34	96.14	98.03	101798	9348025	1
2023.03.29	98.43	98.95	96.96	98.55	46306	6869031	1
2023.03.30	99.94	100.76	99.33	100.47	57662	8836529	1
2023.03.31	100.38	100.76	98.22	98.49	64976	7723813	1
2023.04.03	98.75	98.75	97.36	98.30	68108	6568045	1
2023.04.04	98.80	99.75	98.43	98.51	55089	4273620	1
2023.04.05	98.56	98.76	96.71	97.63	59019	6361811	1
2023.04.06	97.67	98.34	97.17	97.59	61762	4070924	1
2023.04.10	98.11	98.94	98.08	98.66	36198	4475579	1
2023.04.11	100.14	103.06	100.14	102.91	96508	12106591	1
2023.04.12	103.30	104.89	102.86	103.35	93687	11619906	1
2023.04.13	103.57	103.70	102.78	102.93	43005	6054251	1
2023.04.14	102.00	103.34	101.49	103.04	54909	6441959	1
2023.04.17	102.87	103.45	102.25	102.71	55077	6554109	1
2023.04.18	102.99	103.05	101.74	102.70	59262	7332867	1
2023.04.19	102.00	102.00	100.25	100.48	72619	8557634	1
2023.04.20	100.33	101.30	99.74	101.00	63286	7520342	1
2023.04.24	100.53	101.50	99.89	100.62	56046	6468331	1
2023.04.25	100.07	100.18	99.34	99.92	137716	5668363	1
2023.04.26	100.27	100.35	98.94	99.01	81675	6684995	1
2023.04.27	99.01	99.87	98.71	99.53	57644	6006289	1
2023.04.28	99.64	101.07	99.14	100.90	56084	8237091	1
2023.05.02	100.60	100.77	98.25	98.49	76003	6752220	1
2023.05.03	98.78	99.13	98.15	98.60	69910	6818384	1
2023.05.04	99.80	100.15	97.76	98.95	83152	11027614	1
2023.05.05	99.51	101.91	99.40	101.91	168652	9387131	1
2023.05.08	103.00	103.30	102.29	102.49	51816	7038584	1
2023.05.09	102.18	104.31	102.13	103.80	72024	9670446	1
2023.05.10	103.61	104.31	103.00	103.97	55385	5072078	1
2023.05.11	102.98	105.22	102.98	104.82	62649	7775421	1
2023.05.12	104.05	105.29	104.00	105.05	59328	11789614	1
2023.05.15	105.33	105.77	104.81	105.47	50218	8655150	1
2023.05.16	105.63	106.67	104.57	104.63	89387	12485193	1
2023.05.17	105.85	106.31	105.50	106.01	60166	7681042	1
2023.05.18	105.98	106.80	105.32	106.75	63308	17570782	1
2023.05.19	107.00	107.68	106.24	107.16	99651	10053521	1
2023.05.22	107.50	108.10	106.55	106.55	54080	6204078	1
2023.05.23	106.60	107.77	106.18	106.44	55863	7007199	1
2023.05.24	105.43	106.20	105.04	105.27	59501	8382293	1
2023.05.25	107.00	107.65	106.11	106.55	64249	8807932	1
2023.05.26	108.00	108.17	106.30	107.51	59645	7602318	1
2023.05.29	107.25	107.59	106.62	106.77	66266	6600371	1
2023.05.30	107.54	107.78	105.12	105.38	59985	5935395	1
2023.05.31	104.97	105.71	104.78	104.84	35422	5850812	1
2023.06.01	105.51	107.24	104.86	107.20	50305	6991641	1
2023.06.02	108.25	109.44	108.25	109.02	179824	9601052	1
2023.06.05	109.32	109.46	108.11	109.14	50616	4992194	1
2023.06.06	109.50	111.19	109.35	111.07	96134	7065890	1
2023.06.07	111.66	112.26	110.96	111.78	78689	7573762	1
2023.06.09	112.50	113.85	112.44	113.21	56790	7558415	1
2023.06.12	113.59	114.00	112.93	113.64	53585	7289286	1
2023.06.13	113.90	114.14	112.66	112.94	74341	6666769	1
2023.06.14	113.69	115.41	113.50	115.11	89379	12413614	1
2023.06.15	115.09	115.91	114.90	115.40	98798	12811365	1
2023.06.16	114.79	115.80	114.56	114.90	40759	7560102	1
2023.06.19	114.70	116.25	114.70	116.13	77478	5422980	1
2023.06.20	115.51	115.94	114.68	115.82	57945	5857464	1
2023.06.21	115.78	116.78	115.56	116.27	63084	4391740	1
2023.06.22	115.82	116.30	114.27	115.26	45908	5497648	1
2023.06.23	115.20	115.68	114.49	115.31	51735	3904942	1
2023.06.26	115.29	115.29	113.77	114.42	37986	5390179	1
2023.06.27	115.31	115.45	112.88	113.77	75522	7566418	1
2023.06.28	113.60	114.38	112.89	113.03	48087	3756649	1
2023.06.29	113.30	114.96	113.23	114.91	48927	5125552	1
2023.06.30	115.70	115.77	114.17	114.17	64767	11077592	1
2023.07.03	114.90	116.10	114.75	115.94	41656	4877031	1
2023.07.04	115.62	115.92	115.03	115.24	62326	3640097	1
2023.07.05	114.85	118.06	114.85	115.84	70867	7689489	1
2023.07.06	114.85	115.13	113.43	113.64	42203	5969984	1
2023.07.07	114.00	115.87	114.00	115.19	62235	5194573	1
2023.07.10	114.66	115.04	114.10	114.10	67870	7146058	1
2023.07.11	113.97	114.07	112.04	113.80	65754	5416875	1
2023.07.12	114.79	115.33	113.83	113.83	55345	6296862	1
2023.07.13	114.50	116.02	114.34	115.58	63419	8770063	1
2023.07.14	115.26	115.62	113.84	113.96	86253	14824165	1
2023.07.17	113.39	114.71	112.94	114.71	50056	5230074	1
2023.07.18	114.34	115.03	113.55	113.95	94544	5750909	1
2023.07.19	113.46	114.33	112.93	113.75	39540	5636677	1
2023.07.20	114.35	114.58	113.67	114.34	70735	7919291	1
2023.07.21	114.45	116.65	114.40	116.40	51886	8651985	1
2023.07.24	116.47	117.96	116.27	117.57	51433	6794197	1
2023.07.25	118.97	119.17	117.98	117.98	49034	5681391	1
2023.07.26	117.85	118.89	117.55	118.74	50520	7270167	1
2023.07.27	118.66	118.80	116.00	116.04	62237	6485811	1
2023.07.28	116.51	116.93	115.95	116.52	70006	2943366	1
2023.07.31	117.23	118.34	117.15	117.95	53591	3889613	1
2023.08.01	117.20	117.79	116.35	117.52	47570	3444566	1
2023.08.02	116.92	117.47	115.97	117.01	46379	6537586	1
2023.08.03	117.83	118.80	116.55	116.71	73922	7527835	1
2023.08.04	115.79	117.65	115.46	115.66	79218	6040417	1
2023.08.07	115.84	116.35	115.14	115.61	67747	6527803	1
2023.08.08	114.10	115.85	113.95	115.27	71694	4884622	1
2023.08.09	115.03	115.08	114.19	114.70	50876	5981544	1
2023.08.10	115.27	115.70	114.37	114.51	52734	5275962	1
2023.08.11	114.73	115.36	113.75	114.25	53862	8695793	1
2023.08.14	113.98	114.12	112.94	113.31	89428	4728049	1
2023.08.15	113.84	114.05	112.37	112.37	53126	5730482	1
2023.08.16	112.93	113.73	111.87	111.87	68382	8028362	1
2023.08.17	112.91	113.04	111.34	111.36	61091	9331433	1
2023.08.18	111.12	112.17	110.99	111.70	56871	8944196	1
2023.08.21	111.74	111.90	110.58	110.79	78256	5997777	1
2023.08.22	111.74	112.71	111.59	112.41	53809	9533506	1
2023.08.23	112.70	114.36	112.70	114.30	49044	4366464	1
2023.08.24	114.14	114.49	113.18	113.30	33586	5454803	1
2023.08.25	113.24	116.10	111.83	112.15	54502	5959426	1
2023.08.28	112.53	113.66	112.21	113.50	56001	4394771	1
2023.08.29	114.22	114.85	113.75	114.62	67933	5273711	1
2023.08.30	114.83	115.13	113.81	113.90	35958	5580688	1
2023.08.31	113.68	113.68	112.28	112.31	69579	4068964	1
2023.09.01	112.82	114.30	112.81	114.05	58508	5494823	1
2023.09.04	114.07	114.85	113.82	114.14	28532	3126341	1
2023.09.05	113.49	114.30	112.97	113.62	63519	3801923	1
2023.09.06	113.75	114.31	112.25	112.25	29440	4406355	1
2023.09.08	111.64	112.02	111.27	111.66	40543	3508422	1
2023.09.11	112.64	113.57	112.10	113.48	34014	4603172	1
2023.09.12	113.50	114.50	113.39	114.22	49390	3705776	1
2023.09.13	114.21	115.68	113.99	114.46	79633	6248355	1
2023.09.14	115.20	116.04	115.05	115.59	44521	5310662	1
2023.09.15	115.88	116.03	114.92	114.92	73337	7203052	1
2023.09.18	115.27	115.77	114.44	114.65	55770	10050389	1
2023.09.19	114.67	114.90	114.04	114.10	43833	6332907	1
2023.09.20	114.60	116.00	114.58	115.03	112107	5088757	1
2023.09.21	113.45	113.45	112.48	112.60	59700	5934471	1
2023.09.22	113.33	113.42	112.30	112.61	34958	3994514	1
2023.09.25	112.11	112.57	111.93	112.57	42691	2741332	1
2023.09.26	111.90	111.90	110.65	110.65	61699	5567555	1
2023.09.27	111.50	111.82	109.89	110.70	55452	4850443	1
2023.09.28	110.57	112.41	110.57	112.18	45578	3948319	1
2023.09.29	113.37	113.39	112.30	113.15	70228	4737836	1
2023.10.02	112.64	113.14	111.23	111.49	41539	4050713	1
2023.10.03	111.18	111.53	109.66	109.82	50091	7808004	1
2023.10.04	110.16	110.68	109.58	110.18	51786	3106290	1
2023.10.05	110.06	110.86	109.27	109.75	62969	4169234	1
2023.10.06	108.90	110.99	108.19	110.66	45952	3818695	1
2023.10.09	110.18	111.74	109.95	111.74	43052	3158064	1
2023.10.10	112.00	113.36	111.99	113.13	37213	3911645	1
2023.10.11	113.31	113.55	112.66	113.50	48066	2993640	1
2023.10.13	113.15	113.44	112.06	112.06	42291	3427278	1
2023.10.16	113.00	113.35	112.48	112.94	31166	2198976	1
2023.10.17	112.18	113.35	112.01	112.34	57957	4317978	1
2023.10.18	111.66	111.80	110.37	110.37	67945	5727380	1
2023.10.19	110.46	111.63	110.46	110.60	56941	6437818	1
2023.10.20	110.30	110.63	109.08	109.50	66748	7300512	1
2023.10.23	109.10	110.25	108.77	109.35	52173	4229233	1
2023.10.24	110.30	110.75	109.33	110.24	38648	3828070	1
2023.10.25	110.52	110.63	109.19	109.35	31324	3563784	1
2023.10.26	109.63	111.68	109.57	111.40	48551	4135331	1
2023.10.27	111.54	111.82	109.42	109.85	60632	4369546	1
2023.10.30	110.30	110.73	108.81	108.96	38003	4508257	1
2023.10.31	109.19	110.15	108.68	109.62	67592	3890099	1
2023.11.01	110.14	111.96	110.14	111.56	45888	5599450	1
2023.11.03	113.70	114.90	113.45	114.75	74300	7903223	1
2023.11.06	115.00	115.11	114.42	114.81	49510	5346525	1
2023.11.07	114.41	115.97	114.38	115.67	60601	4103021	1
2023.11.08	115.76	116.34	114.84	115.52	62781	4236596	1
2023.11.09	115.99	116.64	114.79	115.18	92011	9174459	1
2023.11.10	115.91	117.19	115.91	117.01	68025	5238376	1
2023.11.13	116.50	116.88	116.19	116.82	49241	3203596	1
2023.11.14	117.18	120.00	117.18	119.61	90879	8550012	1
2023.11.16	119.61	120.96	119.49	120.96	100226	7990919	1
2023.11.17	121.20	121.60	120.72	121.10	61205	7507173	1
2023.11.20	121.44	122.38	121.15	122.25	124529	7054666	1
2023.11.21	121.67	122.11	121.18	121.76	75430	6525509	1
2023.11.22	122.28	123.05	121.70	122.15	145539	5294068	1
2023.11.23	122.12	122.96	121.95	122.83	116693	4782221	1
2023.11.24	122.14	122.48	121.62	121.66	86464	5173049	1
2023.11.27	122.03	122.13	121.12	121.94	111106	4048001	1
2023.11.28	121.89	123.10	121.59	122.72	45988	3756033	1
2023.11.29	123.20	123.48	122.17	122.27	52795	4260445	1
2023.11.30	122.83	123.60	122.37	123.57	53443	4784759	1
2023.12.01	123.42	124.37	122.85	124.24	59599	4618146	1
2023.12.04	123.50	123.96	122.83	122.96	69792	3767844	1
2023.12.05	122.93	123.68	122.66	123.01	56463	2878675	1
2023.12.06	123.58	123.77	121.72	121.72	40058	2838764	1
2023.12.07	122.19	122.80	121.79	122.29	67462	2851292	1
2023.12.08	122.54	123.50	121.80	123.31	51951	4746015	1
2023.12.11	122.90	123.35	122.66	123.11	65088	3169394	1
2023.12.12	123.21	123.58	122.22	122.60	35398	3630482	1
2023.12.13	122.68	126.12	122.50	126.12	122726	6404421	1
2023.12.14	127.00	127.30	126.52	126.88	82462	8207858	1
2023.12.15	127.20	127.78	126.00	126.28	43278	5585629	1
2023.12.18	126.85	127.54	126.62	127.27	40643	3277656	1
2023.12.19	127.56	128.10	127.30	128.05	62184	3172241	1
2023.12.20	127.92	128.45	126.78	126.82	48744	3882111	1
2023.12.21	127.69	128.40	127.58	128.35	59812	4749171	1
2023.12.22	128.51	129.17	128.21	128.94	43049	2840232	1
2023.12.26	129.02	129.74	129.02	129.65	56453	6023859	1
2023.12.27	129.55	130.46	129.42	130.46	54398	5036285	1
2023.12.28	129.86	130.52	129.86	130.39	38232	3450804	1
2024.01.02	129.80	129.89	128.21	128.76	45546	4391818	1
2024.01.03	128.74	129.70	128.36	128.99	53752	6296453	1
2024.01.04	128.86	128.86	127.17	127.35	80239	6082509	1
2024.01.05	127.08	128.75	126.71	128.25	57670	3017418	1
2024.01.08	127.48	128.62	127.15	128.57	48277	4044932	1
2024.01.09	127.82	127.99	127.33	127.59	47009	4400464	1
2024.01.10	127.48	127.78	126.64	126.94	57819	5957200	1
2024.01.11	127.02	127.44	126.07	126.81	49322	6289868	1
2024.01.12	126.80	128.07	126.60	127.23	38416	4541810	1
2024.01.15	126.61	127.82	126.43	127.82	108471	3422719	1
2024.01.16	126.90	127.04	125.36	125.49	90473	8011377	1
2024.01.17	125.15	125.49	124.50	124.53	79680	7954584	1
2024.01.18	125.05	125.15	123.56	123.56	82629	6157111	1
2024.01.19	123.89	124.09	122.80	123.84	91349	11003738	1
2024.01.22	123.80	124.12	122.17	122.70	99100	5611826	1
2024.01.23	123.41	124.55	123.25	124.55	77888	7158074	1
2024.01.24	125.20	125.66	123.91	123.97	48464	4223685	1
2024.01.25	124.10	124.95	124.07	124.46	39717	3254694	1
2024.01.26	124.51	125.44	124.05	125.08	34801	3192701	1
2024.01.29	124.82	125.29	124.08	124.75	34743	3269013	1
2024.01.30	124.35	124.51	123.34	123.57	62155	7598132	1
2024.01.31	123.67	125.81	123.67	123.95	91349	8702170	1
2024.02.01	124.14	124.76	123.50	124.76	47131	5754772	1
2024.02.02	124.79	125.15	122.90	123.32	73981	9014408	1
2024.02.05	123.57	124.06	122.68	123.86	47141	3720488	1
2024.02.06	124.31	126.88	124.31	126.88	63874	4913304	1
2024.02.07	126.35	126.45	125.61	126.05	39948	5308938	1
2024.02.08	126.04	126.27	124.16	124.51	74373	4882585	1
2024.02.09	124.57	125.20	123.82	124.13	72851	7625708	1
2024.02.14	123.90	123.90	122.93	123.23	39578	6783904	1
2024.02.15	123.58	124.06	123.16	124.06	65028	3311439	1
2024.02.16	124.57	125.28	123.85	124.88	84090	9643814	1
2024.02.19	124.50	125.22	124.29	125.14	83786	4107359	1
2024.02.20	124.59	126.19	124.58	126.19	67682	6839063	1
2024.02.21	126.15	126.20	125.50	126.18	59116	4663969	1
2024.02.22	126.66	126.97	126.11	126.30	75247	6034254	1
2024.02.23	126.60	126.79	125.29	125.61	67550	4046434	1
2024.02.26	125.30	126.19	125.29	125.77	53699	3146684	1
2024.02.27	126.64	127.84	126.64	127.84	58584	4383517	1
2024.02.28	127.18	127.50	125.92	126.26	106931	4808666	1
2024.02.29	125.71	126.13	124.91	125.25	71643	8591622	1
2024.03.01	125.25	125.92	124.94	125.24	48160	3484857	1
2024.03.04	125.27	125.50	124.48	124.50	71983	5601510	1
2024.03.05	124.72	125.23	124.07	124.40	67951	3539742	1
2024.03.06	124.90	125.54	124.69	125.15	78994	3578884	1
2024.03.07	125.30	125.38	124.30	124.67	48691	3472675	1
2024.03.08	122.51	123.84	122.15	123.26	135405	8287551	1
2024.03.11	122.50	123.32	122.32	122.32	89133	4301093	1
2024.03.12	123.26	124.30	122.90	123.81	71030	3143544	1
2024.03.13	123.80	124.79	123.64	124.37	91359	5669376	1
2024.03.14	124.42	124.54	123.43	123.82	118949	4233788	1
2024.03.15	123.94	124.23	122.77	122.87	62485	6690411	1
2024.03.18	123.38	123.83	122.60	123.05	53821	2753627	1
2024.03.19	123.55	124.23	123.40	123.73	58431	7604705	1
2024.03.20	123.83	125.45	123.59	125.45	76818	6863547	1
2024.03.21	125.54	125.64	124.37	124.37	68719	3950590	1
2024.03.22	124.10	124.23	123.18	123.21	45864	3379827	1
2024.03.25	123.29	123.50	123.03	123.19	58787	3299498	1
2024.03.26	123.00	123.51	122.90	123.24	81117	3841275	1
2024.03.27	123.00	124.07	122.52	124.05	68195	3296437	1
2024.03.28	123.82	124.66	123.57	124.33	42957	3733310	1
2024.04.01	124.68	124.93	123.09	123.29	57769	3129542	1
2024.04.02	123.27	123.92	122.96	123.74	93214	4144172	1
2024.04.03	123.64	123.99	122.50	123.54	70324	4154131	1
2024.04.04	124.40	125.86	123.43	123.68	43841	7346367	1
2024.04.05	123.70	123.74	122.69	122.90	64025	4733645	1
2024.04.08	123.60	125.43	123.40	125.13	48917	3885696	1
2024.04.09	125.71	126.21	125.43	126.21	88706	7345517	1
2024.04.10	125.60	125.60	124.00	124.15	80775	7337316	1
2024.04.11	124.10	124.24	123.33	123.72	156149	5565522	1
2024.04.12	123.61	123.95	121.95	122.12	113615	7827786	1
2024.04.15	122.27	122.59	121.35	121.55	133095	5630895	1
2024.04.16	120.80	121.54	120.15	120.85	377391	4825202	1
2024.04.17	121.50	121.68	120.02	120.54	114757	8562974	1
2024.04.18	120.88	121.50	119.81	120.48	53318	8476294	1
2024.04.19	120.51	121.86	120.51	121.52	61756	6952199	1
2024.04.22	121.72	122.36	120.96	121.80	38735	5962998	1
2024.04.23	121.14	122.19	120.65	121.41	39163	3925593	1
2024.04.24	121.80	121.80	120.90	120.97	39689	3023353	1
2024.04.25	120.60	121.13	120.05	120.91	39600	2680171	1
2024.04.26	121.70	123.13	121.70	122.83	58569	5902605	1
2024.04.29	122.94	123.77	122.83	123.77	45577	3936000	1
2024.04.30	123.21	123.28	122.16	122.38	52037	4891309	1
2024.05.02	123.87	124.00	122.89	123.35	44651	4201915	1
2024.05.03	124.73	125.12	124.55	124.95	71801	8066100	1
2024.05.06	124.72	125.44	124.52	124.71	31575	2494676	1
2024.05.07	125.47	125.97	125.30	125.40	37946	4458951	1
2024.05.08	124.59	125.80	124.31	125.75	30388	2563466	1
2024.05.09	124.22	124.74	123.65	124.52	100896	5235426	1
2024.05.10	124.63	125.26	123.79	124.01	62780	5481906	1
2024.05.13	124.26	124.98	124.10	124.56	52509	5019698	1
2024.05.14	124.22	125.25	124.20	124.81	75013	4930941	1
2024.05.15	123.66	124.62	123.34	124.23	65171	8322119	1
2024.05.16	125.36	125.39	124.17	124.55	54354	5538316	1
2024.05.17	124.28	124.76	123.99	124.37	61186	5037651	1
2024.05.20	124.20	124.99	123.74	124.12	156322	3438136	1
2024.05.21	124.38	124.44	123.51	123.70	54545	2745707	1
2024.05.22	123.14	123.16	121.91	122.07	258174	3588106	1
2024.05.23	122.00	122.05	120.80	121.10	93332	5507568	1
2024.05.24	121.27	121.64	120.63	120.64	82799	3789370	1
2024.05.27	120.87	120.94	120.45	120.87	53913	2196404	1
2024.05.28	121.82	121.82	119.94	120.18	63702	5503733	1
2024.05.29	119.42	119.56	118.91	119.12	101963	6144152	1
2024.05.31	119.07	119.28	118.36	118.66	95697	3978396	1
2024.06.03	118.65	118.95	117.92	118.44	110600	3969550	1
2024.06.04	118.04	118.38	117.38	118.16	68821	4250376	1
2024.06.05	118.13	118.64	117.69	117.90	77507	3457724	1
2024.06.06	118.00	119.69	117.81	119.40	89303	4149100	1
2024.06.07	118.29	118.69	117.09	117.13	108031	6271674	1
2024.06.10	117.11	117.90	116.95	117.35	250848	5035116	1
2024.06.11	117.50	118.22	117.38	118.00	68060	5347908	1
2024.06.12	118.87	118.87	116.01	116.46	79633	13564004	1
2024.06.13	116.50	116.79	115.73	116.18	118106	6052448	1
2024.06.14	116.12	116.80	115.37	116.22	81097	5884307	1
2024.06.17	115.98	116.24	115.23	115.74	55238	3656362	1
2024.06.18	115.74	116.67	115.48	116.12	73110	3858258	1
2024.06.19	116.00	116.97	115.57	116.76	113878	7550003	1
2024.06.20	117.79	118.14	116.68	117.12	227199	10234350	1
2024.06.21	116.58	118.12	116.58	118.02	201596	8814447	1
2024.06.24	118.30	119.35	118.29	119.08	76162	4634295	1
2024.06.25	118.92	119.36	118.51	118.90	95211	3951781	1
2024.06.26	118.39	119.30	117.94	119.14	142702	4143098	1
2024.06.27	119.79	120.80	119.48	120.80	72810	3969014	1
2024.06.28	120.65	120.92	119.78	120.38	145451	6187617	1
2024.07.01	120.54	121.73	120.16	121.08	149089	4315603	1
2024.07.02	121.10	121.98	120.77	121.33	134296	5686183	1
2024.07.03	122.41	123.03	122.14	122.14	110465	7477599	1
2024.07.04	123.09	123.09	122.49	122.62	179074	7356657	1
2024.07.05	122.50	123.14	121.98	122.70	71143	5502079	1
2024.07.08	122.67	123.02	122.05	122.94	74507	3396550	1
2024.07.09	122.83	123.73	122.38	123.54	64878	3593828	1
2024.07.10	123.75	124.20	123.34	123.50	178333	5697699	1
2024.07.11	124.34	124.70	124.16	124.57	109876	8618243	1
2024.07.12	124.62	125.40	124.40	125.20	81118	4182843	1
2024.07.15	125.50	125.88	125.12	125.72	75006	4248735	1
2024.07.16	125.65	125.91	125.13	125.37	77083	6836091	1
2024.07.17	125.38	125.99	125.10	125.82	105486	7531931	1
2024.07.18	125.50	125.62	123.97	124.02	125408	10402425	1
2024.07.19	124.12	124.86	123.86	124.00	75879	5076064	1
2024.07.22	124.11	124.59	123.87	124.26	64807	3593620	1
2024.07.23	123.74	123.85	122.95	122.95	80814	4488796	1
2024.07.24	122.88	123.28	122.69	122.86	67269	3049241	1
2024.07.25	122.62	122.73	122.09	122.41	63478	3415264	1
2024.07.26	122.81	124.15	122.51	123.98	155085	11921108	1
2024.07.29	123.92	124.08	123.04	123.46	87025	4396621	1
2024.07.30	122.86	123.09	122.44	122.71	71998	2787491	1
2024.07.31	123.44	124.26	123.30	124.04	109361	3552678	1
2024.08.01	124.60	125.26	123.56	123.74	63722	4526501	1
2024.08.02	124.00	124.46	122.20	122.38	109147	6509549	1
2024.08.05	119.88	121.80	119.53	121.77	123482	6402593	1
2024.08.06	122.18	123.49	117.94	122.74	74102	4871385	1
2024.08.07	123.74	124.09	123.18	124.04	67423	2727811	1
2024.08.08	124.22	125.30	124.11	125.30	84052	4812078	1
2024.08.09	125.63	127.13	125.46	127.13	121911	7015976	1
2024.08.12	127.67	128.14	127.52	127.65	65192	10813141	1
2024.08.13	128.19	128.84	128.14	128.78	63813	7340201	1
2024.08.14	129.00	130.10	128.82	129.68	152179	8184389	1
2024.08.15	129.89	130.93	129.82	130.49	98505	11547208	1
2024.08.16	130.97	131.17	130.18	130.29	307256	7206161	1
2024.08.19	130.96	132.50	130.82	131.98	135664	4976851	1
2024.08.20	132.31	132.63	131.62	132.44	70306	5582462	1
2024.08.21	132.70	133.28	132.43	132.74	134594	4778585	1
2024.08.22	132.34	132.62	131.16	131.57	103694	7310351	1
2024.08.23	132.01	132.84	131.74	131.98	84952	5715470	1
2024.08.26	132.45	133.33	132.23	133.21	60920	2645485	1
2024.08.27	133.21	133.50	132.93	133.01	184747	3879856	1
2024.08.28	132.36	133.78	132.09	133.62	120738	5846942	1
2024.08.29	133.29	133.33	132.15	132.17	75364	7740853	1
2024.08.30	131.21	132.60	131.21	132.60	255154	4513945	1
2024.09.02	131.97	131.97	130.91	131.10	64360	2734320	1
2024.09.03	131.28	131.41	130.52	130.63	58763	3019775	1
2024.09.04	131.24	133.20	131.24	132.38	180803	3667677	1
2024.09.05	132.25	133.00	132.11	132.89	72621	3719092	1
2024.09.06	132.66	132.96	130.85	130.96	100645	4585206	1
2024.09.09	131.00	131.61	130.97	131.04	46243	4047922	1
2024.09.10	130.61	130.90	130.16	130.63	62074	3420762	1
2024.09.11	131.29	131.44	130.20	131.21	63710	3906663	1
2024.09.12	130.48	130.84	130.00	130.31	72356	4037838	1
2024.09.13	131.16	132.23	131.04	131.21	86133	4452461	1
2024.09.16	131.69	132.07	131.27	131.38	76352	3355131	1
2024.09.17	131.10	131.33	130.55	131.33	97627	4445707	1
2024.09.18	130.41	131.60	130.05	130.05	120210	6869787	1
2024.09.19	131.10	131.19	129.37	129.37	147433	8677602	1
2024.09.20	129.28	129.59	127.35	127.63	190707	10375852	1
2024.09.23	127.24	127.45	126.61	127.00	156618	9255238	1
2024.09.24	128.74	129.50	128.07	128.68	123340	5565153	1
2024.09.25	129.08	129.41	127.92	127.92	144748	4187175	1
2024.09.26	129.03	129.72	128.49	129.33	57187	5360564	1
2024.09.27	129.37	130.33	129.04	129.04	87048	5342563	1
2024.09.30	129.84	129.84	128.37	128.43	91471	4915890	1
2024.10.01	128.90	129.85	128.45	128.86	119052	7364747	1
2024.10.02	130.77	131.33	129.76	129.85	73434	6962134	1
2024.10.03	128.72	128.73	127.63	128.03	90976	9365283	1
2024.10.04	127.89	128.42	127.60	128.20	138803	3945985	1
2024.10.07	129.22	129.43	128.15	128.45	89972	8155444	1
2024.10.08	127.29	128.17	127.11	127.93	74430	4905992	1
2024.10.09	127.05	127.12	126.21	126.35	187427	10382988	1
2024.10.10	126.75	126.96	126.33	126.80	117891	3069448	1
2024.10.11	126.47	126.66	125.86	126.47	104823	3634934	1
2024.10.14	126.50	127.70	126.20	127.50	67065	4065978	1
2024.10.15	127.50	127.80	126.75	127.40	74336	8205939	1
2024.10.16	127.73	128.65	127.27	128.07	81708	5037380	1
2024.10.17	126.60	127.43	126.40	127.31	69809	4114109	1
2024.10.18	128.12	128.23	126.66	127.00	111994	6988117	1
2024.10.21	127.36	127.62	126.66	126.75	134049	3640777	1
2024.10.22	126.00	126.70	125.63	126.50	88601	4709565	1
2024.10.23	125.83	125.99	125.17	125.81	83568	4250279	1
2024.10.24	125.58	126.73	125.40	126.60	63123	6270930	1
2024.10.25	127.00	127.05	126.29	126.35	82767	4081060	1
2024.10.28	127.10	127.93	127.03	127.84	56434	3413080	1
2024.10.29	128.00	128.23	127.17	127.25	61592	3086670	1
2024.10.30	127.25	127.55	126.96	127.23	90072	3646638	1
2024.10.31	127.00	127.22	126.15	126.26	191601	4420109	1
2024.11.01	126.31	126.44	124.58	124.60	93989	5589793	1
2024.11.04	125.81	127.18	125.76	127.15	75949	4869049	1
2024.11.05	126.84	127.34	126.24	127.15	73983	2814690	1
2024.11.06	125.58	127.19	125.35	126.30	128420	6108314	1
2024.11.07	126.45	127.83	125.89	126.06	69692	5735024	1
2024.11.08	124.81	124.88	123.58	124.50	116946	13843049	1
2024.11.11	124.05	124.69	123.88	124.35	88155	6497911	1
2024.11.12	124.60	124.80	123.98	124.20	69844	4149523	1
2024.11.13	124.35	124.65	123.50	124.33	119155	4763975	1
2024.11.14	124.21	125.05	124.01	124.27	99157	4087563	1
2024.11.18	124.09	124.90	123.82	124.41	124784	4747647	1
2024.11.19	124.20	125.20	123.85	124.88	116650	5983654	1
2024.11.21	124.05	124.15	123.24	123.60	95637	5091757	1
2024.11.22	124.56	126.02	123.93	126.02	111214	7539089	1
2024.11.25	125.90	126.08	125.50	125.67	100887	4023088	1
2024.11.26	126.00	126.91	125.70	126.65	114562	3462437	1
2024.11.27	126.70	126.84	123.52	124.10	120240	9700696	1
2024.11.28	123.93	123.97	121.12	121.30	157759	11576280	1
2024.11.29	121.50	122.81	120.66	122.32	135573	9728559	1
2024.12.02	121.78	122.63	121.43	121.88	130832	6432816	1
2024.12.03	122.24	123.10	122.22	122.68	84602	4959711	1
2024.12.04	122.72	123.42	122.52	122.75	103779	4794237	1
2024.12.05	123.55	124.68	123.55	124.51	92893	9382872	1
2024.12.06	124.36	124.36	122.46	122.46	93150	6531287	1
2024.12.09	123.30	124.18	123.30	123.76	80452	4604745	1
2024.12.10	124.54	125.15	124.35	124.78	126358	3677946	1
2024.12.11	125.09	127.36	124.04	126.61	94218	6861895	1
2024.12.12	125.05	125.05	122.60	122.72	78882	6187858	1
2024.12.13	122.81	122.94	121.32	121.63	113321	7833689	1
2024.12.16	121.70	121.84	120.22	120.22	129253	9194774	1
2024.12.17	120.78	122.20	120.48	121.60	220750	12280783	1
2024.12.18	120.95	120.95	117.35	118.20	204476	7930667	1
2024.12.19	118.30	118.77	117.83	117.98	69746	6728211	1
2024.12.20	118.00	119.09	117.66	119.05	137299	7447194	1
2024.12.23	118.60	118.60	117.53	117.70	143676	6578171	1
2024.12.26	117.90	118.57	117.39	117.96	131482	3655520	1
2024.12.27	118.30	118.47	117.02	117.26	65377	7475855	1
2024.12.30	117.43	118.00	117.08	117.27	48796	6590812	1
2025.01.02	117.20	117.71	116.11	117.10	77659	7506615	1
2025.01.03	117.00	117.31	115.35	115.45	83153	4597268	1
2025.01.06	116.67	117.27	116.42	117.07	118340	4648240	1
2025.01.07	117.75	118.64	117.70	118.15	124385	7480223	1
2025.01.08	117.73	117.74	116.32	116.67	101750	3641734	1
2025.01.09	116.69	117.14	116.51	116.82	97065	6703445	1
2025.01.10	116.98	116.98	115.77	115.96	80155	3592912	1
2025.01.13	116.02	116.75	115.76	116.02	91304	4032146	1
2025.01.14	116.02	116.51	115.26	116.46	78033	3919081	1
2025.01.15	117.39	119.92	117.12	119.57	388347	8998278	1
2025.01.16	119.33	119.33	117.74	118.33	197688	7886600	1
2025.01.17	118.36	119.60	118.00	119.25	183150	7195023	1
2025.01.20	118.93	120.17	118.44	119.81	85785	5264061	1
2025.01.21	119.36	120.46	119.24	120.30	120755	6029391	1
2025.01.22	120.54	120.85	119.80	119.92	136296	4749595	1
2025.01.23	120.28	120.91	119.12	119.49	91412	4187919	1
2025.01.24	119.43	119.87	119.16	119.45	87503	5315589	1
2025.01.27	119.17	121.87	119.17	121.87	189662	7550976	1
2025.01.28	121.50	121.80	120.87	121.03	55854	3089769	1
2025.01.29	121.50	121.74	120.17	120.17	73161	4669065	1
2025.01.30	121.15	124.06	121.15	123.95	327267	16668757	1
2025.01.31	123.96	124.40	122.93	123.00	154039	9417046	1
2025.02.03	122.89	123.38	122.48	122.64	82905	3794062	1
2025.02.04	122.43	122.76	121.58	121.91	83705	2874533	1
2025.02.05	122.22	122.77	121.54	122.37	120303	4687245	1
2025.02.06	122.25	123.95	122.16	123.16	101689	7320589	1
2025.02.07	123.06	123.47	121.17	121.48	92767	6516473	1
2025.02.10	123.84	123.84	122.25	122.55	105209	7540401	1
2025.02.11	122.69	123.79	122.57	123.45	106556	7571142	1
2025.02.12	122.10	122.60	121.02	121.25	111547	5100962	1
2025.02.13	121.15	121.75	120.68	121.68	75627	3357181	1
2025.02.14	122.65	125.33	122.58	124.87	161077	11597688	1
2025.02.17	125.28	126.37	125.25	125.25	174364	6018843	1
2025.02.18	125.42	126.13	124.90	125.30	148638	3821597	1
2025.02.19	124.31	124.84	123.89	124.01	71892	3894567	1
2025.02.20	124.18	124.76	123.90	124.47	78703	5359083	1
2025.02.21	124.20	124.48	123.33	123.94	62866	4865316	1
2025.02.24	124.20	124.28	122.09	122.49	69903	4988193	1
2025.02.25	122.80	123.67	122.52	122.83	67259	3798787	1
2025.02.26	123.54	123.58	121.68	121.82	432841	3930617	1
2025.02.27	121.52	122.73	121.30	121.75	61465	3434273	1
2025.02.28	121.75	121.87	119.62	120.01	103778	6037301	1
2025.03.05	120.01	120.50	119.79	120.05	43004	2302088	1
2025.03.06	120.13	121.11	119.67	120.40	61678	5304082	1
2025.03.07	119.63	122.77	119.30	121.95	60669	4666526	1
2025.03.10	121.03	121.77	120.40	121.30	84705	4504713	1
2025.03.11	121.30	121.41	119.60	120.55	59770	3393446	1
2025.03.12	120.89	120.98	120.02	120.74	70843	4707872	1
2025.03.13	120.74	122.74	120.51	122.51	63633	5513631	1
2025.03.14	123.37	126.08	123.28	125.75	89428	7213452	1
2025.03.17	126.00	128.20	125.84	127.76	152035	4037402	1
2025.03.18	127.90	128.70	127.55	128.26	138332	4798669	1
2025.03.19	128.50	129.86	128.39	129.60	131934	7827950	1
2025.03.20	129.05	129.60	128.60	128.85	99170	6736475	1
2025.03.21	128.89	129.44	128.58	128.98	100272	5257169	1
2025.03.24	128.63	129.19	127.80	128.19	75278	6344010	1
2025.03.25	128.40	130.23	128.23	129.04	191894	6675318	1
2025.03.26	129.34	129.73	128.96	129.24	85290	8526204	1
2025.03.27	129.40	130.59	129.26	129.78	70163	6369271	1
2025.03.28	129.39	129.81	128.15	128.69	67337	5515634	1
2025.03.31	127.93	128.00	127.01	127.30	91473	6514833	1
2025.04.01	127.15	128.86	126.94	128.04	79944	4675761	1
2025.04.02	128.00	128.90	127.24	128.90	58718	4706511	1
2025.04.03	127.25	129.44	127.18	128.10	120529	5163970	1
2025.04.04	125.41	126.76	123.47	124.05	339751	17671784	1
2025.04.07	122.81	125.55	120.92	122.73	67069	5833519	1
2025.04.08	123.53	124.68	120.49	121.04	148515	6193698	1
2025.04.09	120.40	125.78	120.06	124.55	140624	9462724	1
2025.04.10	124.26	124.59	121.93	123.41	62472	4586225	1
2025.04.11	123.99	125.38	123.05	124.72	53433	5170974	1
2025.04.14	126.22	126.94	125.35	126.41	68578	4222946	1
2025.04.15	126.12	126.92	125.97	126.20	65178	4987581	1
2025.04.16	125.93	126.42	124.93	125.28	133304	9513884	1
2025.04.17	125.13	127.06	124.91	126.53	72592	10332642	1
2025.04.22	126.25	127.83	125.60	127.33	65915	5135621	1
2025.04.23	128.71	130.16	128.71	129.08	149972	7709516	1
2025.04.24	129.60	131.70	128.66	131.38	189021	10162778	1
2025.04.25	131.23	131.82	130.95	131.49	89106	9907461	1
2025.04.28	131.59	132.46	131.45	131.65	88239	6749301	1
2025.04.29	131.94	132.92	131.69	131.86	86831	11278509	1
2025.04.30	131.20	132.06	130.73	131.63	65774	9141737	1
2025.05.02	131.62	132.12	131.17	131.85	79169	6021749	1
2025.05.05	131.79	132.10	130.28	130.34	45116	3295073	1
2025.05.06	130.87	131.03	130.14	130.38	57724	4658974	1
2025.05.07	130.94	130.99	129.72	130.21	49733	3092547	1
2025.05.08	132.63	134.47	132.51	133.04	108857	5746293	1
2025.05.09	133.55	134.03	132.95	133.24	98754	7205629	1
2025.05.12	134.28	134.35	133.14	133.39	63519	5012844	1
2025.05.13	133.90	136.28	133.77	135.61	91667	9986304	1
2025.05.14	135.57	135.99	134.99	135.19	128420	10285683	1
2025.05.15	135.15	136.44	135.13	136.07	109228	6863009	1
2025.05.16	134.98	136.11	134.45	136.11	91186	10660550	1
2025.05.19	135.70	136.98	135.38	136.42	64089	4439742	1
2025.05.20	136.54	137.05	135.75	136.84	44622	3448475	1
2025.05.21	136.39	136.42	134.34	134.59	66145	3864179	1
2025.05.22	134.82	135.68	133.84	134.05	70627	5891606	1
2025.05.23	132.26	134.63	131.80	134.47	73797	5062985	1
2025.05.26	134.56	135.72	134.52	135.01	51406	3783541	1
2025.05.27	136.65	137.19	136.15	136.46	92321	5158309	1
2025.05.28	135.98	136.10	135.40	135.71	49869	3707008	1
2025.05.29	135.70	135.93	134.77	135.36	91846	4495838	1
2025.05.30	135.23	135.43	133.51	133.99	75548	5037477	1
2025.06.02	135.03	135.60	133.33	133.60	44865	3131506	1
2025.06.03	133.51	134.57	133.05	134.40	69738	4416956	1
2025.06.04	135.01	135.64	133.63	133.81	56122	4935589	1
2025.06.05	134.11	134.40	132.91	133.25	66905	4907970	1
2025.06.06	133.47	133.86	132.49	133.06	102177	8299346	1
2025.06.09	132.61	132.94	131.07	132.73	83369	5268376	1
2025.06.10	133.68	134.32	133.00	133.35	76671	5709250	1
2025.06.11	133.00	134.43	132.51	133.97	118362	4985446	1
2025.06.12	133.14	134.85	133.03	134.66	77647	2999878	1
2025.06.13	134.00	134.60	133.40	133.99	131677	6901899	1
2025.06.16	135.17	136.87	135.15	136.07	126170	7763788	1
2025.06.17	136.04	136.41	135.17	135.52	85806	5620260	1
2025.06.18	135.59	136.08	135.30	135.42	140232	8888708	1
2025.06.20	134.61	135.00	133.74	133.90	72302	5885813	1
2025.06.23	134.03	134.11	132.80	133.47	110532	7540840	1
2025.06.24	133.54	135.06	133.14	134.07	186160	7157655	1
2025.06.25	133.24	133.53	132.52	132.55	54420	6653355	1
2025.06.26	133.37	134.29	132.94	133.96	76871	7734771	1
2025.06.27	133.43	134.19	133.37	133.79	85218	3731569	1
2025.06.30	133.56	136.04	133.41	135.85	172476	4656688	1
2025.07.01	135.98	136.67	135.78	136.52	50118	2893495	1
2025.07.02	136.59	136.80	135.25	135.91	54627	3617148	1
2025.07.03	136.45	138.15	136.09	137.92	77130	3867198	1
2025.07.04	137.39	138.45	137.39	138.13	29900	5528911	1
2025.07.07	138.05	138.09	136.17	136.45	72051	3683986	1
2025.07.08	136.34	136.40	135.66	136.15	39229	2560565	1
2025.07.09	135.94	135.94	134.11	134.11	106075	8400738	1
2025.07.10	133.00	134.03	132.93	133.61	77627	5326168	1
2025.07.11	133.50	133.50	132.53	133.50	79887	4964400	1
2025.07.14	132.88	132.89	131.85	132.09	106672	4828109	1
2025.07.15	132.78	132.97	131.35	132.37	87229	5713969	1
2025.07.16	132.22	132.65	131.28	132.40	78080	6580886	1
2025.07.17	132.67	132.78	132.01	132.47	60440	3396209	1
2025.07.18	131.28	132.19	130.30	130.30	58631	6597946	1
2025.07.21	130.65	131.89	130.65	131.20	102015	4507754	1
2025.07.22	131.76	132.28	129.99	131.15	101577	4504948	1
2025.07.23	130.90	132.76	130.65	132.39	81233	3028730	1
2025.07.24	131.57	131.57	130.69	130.78	58547	3849364	1
2025.07.25	130.99	131.20	130.30	130.45	51082	3619992	1
2025.07.28	130.50	130.72	128.70	129.25	78949	3936997	1
2025.07.29	129.25	130.43	129.20	129.50	52684	4340786	1
2025.07.30	129.02	132.20	128.96	130.93	86363	6110348	1
2025.07.31	129.37	130.53	129.08	129.88	77959	4017067	1
2025.08.01	131.61	131.87	129.20	129.57	66063	3674664	1
2025.08.04	130.74	131.00	129.54	130.00	56651	2912831	1
2025.08.05	129.96	131.28	129.78	130.16	49549	2813486	1
2025.08.06	131.02	132.24	131.02	131.49	73111	4873070	1
2025.08.07	132.11	133.95	132.11	133.52	74181	8333494	1
2025.08.08	133.36	133.60	132.58	132.91	40448	4351216	1
2025.08.11	132.53	133.29	132.45	132.50	38198	3216176	1
2025.08.12	134.16	135.36	134.16	135.10	108109	8242521	1
2025.08.13	134.32	134.65	133.62	133.66	66828	5322662	1
2025.08.14	132.93	134.53	132.69	133.36	61414	4244960	1
2025.08.15	133.22	133.57	132.69	133.56	62677	10216210	1
2025.08.18	133.79	134.94	133.62	134.33	98267	4132363	1
2025.08.19	132.83	132.89	131.17	131.17	54537	7517720	1
2025.08.20	131.40	132.13	131.22	131.80	30340	1974256	1
2025.08.21	131.06	132.10	131.00	131.63	31166	1965491	1
2025.08.22	132.17	135.27	132.15	135.15	83167	7227115	1
2025.08.25	135.74	136.00	135.11	135.11	41927	3718263	1
2025.08.26	135.05	135.21	134.17	134.94	35874	3615641	1
2025.08.27	134.93	136.35	134.52	136.20	57024	4388372	1
2025.08.28	137.09	139.20	137.09	138.31	94250	8705868	1
2025.08.29	138.00	139.38	138.00	138.50	69445	8911680	1
2025.09.01	138.70	139.00	137.83	138.29	38941	3675893	1
2025.09.02	136.88	138.15	136.61	137.37	66458	5171360	1
2025.09.03	137.27	137.58	136.65	136.87	18379	2479454	1
2025.09.04	137.00	138.44	136.84	138.01	95387	3502831	1
2025.09.05	139.16	140.40	138.87	139.65	59117	6904393	1
2025.09.08	139.86	139.86	138.36	138.80	34307	2531278	1
2025.09.09	139.05	139.26	138.60	138.60	16248	6044295	1
2025.09.10	138.70	140.13	138.55	139.16	39074	2649667	1
2025.09.11	139.61	140.91	139.42	139.96	54383	4501250	1
2025.09.12	139.21	140.23	139.21	139.21	60534	4222527	1
2025.09.15	139.70	141.16	139.60	140.45	65022	3355924	1
2025.09.16	141.04	141.63	140.56	141.11	81069	9934901	1
2025.09.17	141.01	143.28	140.86	142.60	100640	12049013	1
2025.09.18	142.36	142.66	141.97	142.53	87176	5629593	1
2025.09.19	142.85	143.33	142.43	142.79	37388	3737202	1
2025.09.22	141.96	142.37	141.10	141.99	38629	3140779	1
2025.09.23	142.36	144.12	142.09	143.33	53850	3058143	1
2025.09.24	143.50	143.78	143.05	143.42	38062	2316577	1
2025.09.25	143.24	143.49	142.20	142.28	78639	5366685	1
2025.09.26	142.60	143.26	142.11	142.44	38852	2944933	1
2025.09.29	144.21	144.64	143.25	143.45	86548	4038523	1
2025.09.30	144.11	144.55	142.84	143.24	100517	3466268	1
2025.10.01	143.80	143.93	142.27	142.52	32030	3488696	1
2025.10.02	142.60	142.69	140.70	140.99	51466	5208459	1
2025.10.03	140.96	141.59	140.75	141.22	38071	2614872	1
2025.10.06	141.22	141.57	140.45	140.67	42895	4537659	1
2025.10.07	139.99	139.99	138.18	138.45	120648	9159098	1
2025.10.08	138.84	139.43	138.73	139.20	47641	3412288	1
2025.10.09	139.86	140.26	138.66	138.75	72191	3841763	1
2025.10.10	139.26	139.45	137.30	137.81	72354	6748065	1
2025.10.13	138.78	139.30	138.63	138.75	60391	3387712	1
2025.10.14	138.43	139.60	138.29	138.74	66303	4728689	1
2025.10.15	138.41	140.00	138.31	139.49	59503	4590787	1
2025.10.16	138.75	140.18	138.57	139.16	64765	14629243	1
2025.10.17	138.89	140.42	138.31	140.40	51355	10830393	1
2025.10.20	140.80	142.15	140.36	141.27	75270	5150247	1
2025.10.21	141.20	141.80	140.81	141.17	27853	1991077	1
2025.10.22	141.64	142.04	140.96	141.88	54877	3166989	1
2025.10.23	142.94	143.22	142.03	142.68	40984	11296557	1
2025.10.24	143.56	144.20	143.00	143.00	55146	3681850	1
2025.10.27	144.48	144.95	143.70	144.00	46993	2759583	1
2025.10.28	143.78	144.92	143.43	144.32	46393	7120832	1
2025.10.29	144.93	146.01	144.93	145.30	65446	7968790	1
2025.10.30	144.54	146.16	144.40	145.70	49941	4135162	1
2025.10.31	146.19	146.75	145.79	146.41	43860	7137184	1
2025.11.03	147.10	147.90	146.52	147.37	40793	4039840	1
2025.11.04	146.90	147.76	146.81	147.53	29443	3057655	1
2025.11.05	147.28	150.50	147.19	150.38	30517	5448240	1
2025.11.06	150.31	151.14	150.05	150.10	73881	6310619	1
2025.11.07	149.68	150.94	149.26	150.80	49397	3507259	1
2025.11.10	151.67	152.46	151.48	152.25	61154	4778721	1
2025.11.11	152.77	155.31	152.77	154.80	106225	8330821	1
2025.11.12	154.89	154.89	153.48	154.44	55457	4346406	1
2025.11.13	154.15	155.15	153.43	154.10	66794	4161660	1
2025.11.14	153.49	155.21	153.49	154.34	63222	7939875	1
2025.11.17	154.46	154.74	153.44	153.79	77758	8303363	1
2025.11.18	152.69	153.86	152.53	153.53	69097	7529211	1
2025.11.19	152.99	153.17	152.00	152.00	58830	8886667	1
2025.11.21	151.94	151.95	150.49	151.95	23596	5814857	1
2025.11.24	151.63	152.77	151.40	152.35	37537	8827527	1
2025.11.25	152.35	153.23	151.62	152.97	39984	3894640	1
2025.11.26	153.21	155.74	153.09	155.74	49132	6618212	1
2025.11.27	155.21	155.55	154.96	155.32	20810	2271768	1
2025.11.28	155.41	156.52	155.25	155.85	36508	3888138	1
2025.12.01	155.71	155.99	154.78	155.50	25359	2922763	1
2025.12.02	155.60	157.97	155.57	157.97	37983	5854674	1
2025.12.03	158.36	158.71	157.87	158.40	48523	5161918	1
2025.12.04	159.10	161.38	159.09	161.29	50816	8662644	1
2025.12.05	161.29	161.74	153.73	154.18	92357	12013796	1
2025.12.08	155.75	156.07	154.30	155.25	74342	8262578	1
2025.12.09	153.67	155.67	152.04	154.55	55089	6497394	1
2025.12.10	155.20	156.57	154.43	156.00	44085	4233612	1
2025.12.11	155.35	156.74	154.92	156.19	27920	4440966	1
2025.12.12	156.61	158.12	156.19	157.50	37379	3561992	1
2025.12.15	158.86	159.83	158.41	159.37	44887	5085276	1
2025.12.16	157.50	157.90	155.16	155.16	95520	20862771	1
2025.12.17	154.94	154.99	153.41	154.35	93946	8355968	1
2025.12.18	154.13	155.44	154.01	154.86	26166	6537872	1
2025.12.19	155.05	156.50	154.93	155.30	43758	5110290	1
2025.12.22	155.30	155.33	154.14	155.07	37406	3770850	1
2025.12.23	155.82	157.43	155.82	157.43	34996	4205277	1
2025.12.26	156.54	157.97	156.22	157.82	20265	5194154	1
2025.12.29	157.76	157.99	156.67	157.41	18641	2987230	1
2025.12.30	158.30	159.00	157.96	158.00	37630	4155183	1
2026.01.02	158.83	159.11	157.04	157.36	23611	2704169	1
2026.01.05	157.35	159.05	157.13	158.52	38047	3437932	1
2026.01.06	160.15	161.07	160.15	160.20	40353	3425870	1
2026.01.07	159.96	160.24	158.66	158.80	28534	3347432	1
2026.01.08	159.01	159.75	158.80	159.60	23074	2149246	1
2026.01.09	159.50	161.10	159.50	160.10	46031	2640967	1
2026.01.12	159.81	160.44	159.24	160.15	40439	3082884	1
2026.01.13	159.29	159.93	158.69	159.07	43809	5029000	1
2026.01.14	159.97	162.24	158.83	162.24	31517	6972588	1
2026.01.15	162.50	163.00	161.67	162.55	38914	8335462	1
2026.01.16	162.55	162.66	161.00	161.57	22476	11433981	1
2026.01.19	161.51	162.08	161.14	161.94	16326	3188923	1
2026.01.20	160.75	163.31	160.38	162.92	20685	3941185	1
2026.01.21	164.96	168.95	164.93	168.95	52756	6040015	1
2026.01.22	169.55	174.73	169.29	172.74	96548	10054322	1
2026.01.23	173.16	177.30	172.35	175.70	32343	9630509	1
2026.01.26	176.36	176.60	174.41	175.30	83466	6867173	1
2026.01.27	177.45	179.97	177.18	178.23	44437	7640493	1
2026.01.28	179.89	181.69	179.04	181.40	46579	5669537	1
2026.01.29	182.30	183.14	178.12	179.65	67715	8769354	1
2026.01.30	178.95	180.20	176.65	178.20	28452	6761476	1
2026.02.02	178.05	179.47	177.90	179.20	33862	8163198	1
2026.02.03	181.66	183.81	180.79	182.19	35171	5835580	1
2026.02.04	181.16	181.28	176.76	178.20	64639	7115202	1
2026.02.05	178.55	180.67	178.02	178.65	40589	5358557	1
2026.02.06	178.94	179.80	177.91	179.24	26824	2905591	1
2026.02.09	179.82	183.00	179.62	182.79	22894	2905667	1
2026.02.10	182.19	183.43	181.60	182.40	41743	4971512	1
2026.02.11	184.20	186.96	183.89	185.99	73690	7476956	1
2026.02.12	185.65	186.44	183.36	184.28	48567	8509342	1
2026.02.13	181.85	182.98	180.10	182.98	30335	7270115	1
2026.02.18	184.00	184.10	181.38	182.43	26867	3873635	1
2026.02.19	182.61	185.20	182.45	184.99	37064	3282837	1
2026.02.20	183.40	187.00	183.16	186.69	37338	20628546	1
2026.02.23	186.07	187.39	184.63	185.17	37128	5352837	1
2026.02.24	186.01	188.19	186.00	187.78	30688	5044231	1
2026.02.25	188.89	188.96	186.66	187.46	35837	6105933	1
2026.02.26	187.61	188.10	185.30	187.35	26607	4832891	1
2026.02.27	186.92	187.33	184.87	185.16	42235	4646890	1
